time,temperature_2m_mean (°C),apparent_temperature_max (°C),apparent_temperature_min (°C),precipitation_sum (mm),rain_sum (mm),snowfall_sum (cm),wind_speed_10m_max (km/h),wind_gusts_10m_max (km/h),shortwave_radiation_sum (MJ/m²),sunshine_duration (s),relative_humidity_2m_mean (%),pressure_msl_mean (hPa)
2023-04-26,11.8,18.1,3.2,0.10,0.10,0.00,21.6,45.7,16.60,41046.02,70,1005.0
2023-04-27,6.9,9.3,-0.2,2.10,2.10,0.00,18.0,35.3,7.72,9007.53,88,1008.2
2023-04-28,5.8,6.8,-1.5,1.50,1.50,0.00,14.4,36.4,16.54,42650.91,73,1014.3
2023-04-29,4.6,4.6,-2.5,0.00,0.00,0.00,18.7,36.4,18.39,42799.47,74,1015.2
2023-04-30,5.5,4.6,-2.2,4.20,4.20,0.00,24.5,46.1,6.97,17065.49,78,1012.1
2023-05-01,5.7,5.3,-2.2,0.00,0.00,0.00,17.6,37.4,17.76,38047.50,70,1013.3
2023-05-02,9.1,9.6,0.4,2.30,2.30,0.00,33.8,60.8,16.37,36829.34,71,1010.8
2023-05-03,6.7,5.4,-2.3,0.30,0.30,0.00,27.0,49.7,23.36,51290.36,61,1015.6
2023-05-04,3.6,1.2,-3.4,1.10,1.10,0.00,20.2,42.1,17.20,38105.27,70,1021.9
2023-05-05,1.9,-0.3,-4.7,0.30,0.30,0.00,15.8,33.1,14.92,35064.05,70,1026.0
2023-05-06,3.2,2.1,-4.3,0.00,0.00,0.00,13.3,29.9,21.21,51724.73,57,1029.2
2023-05-07,5.7,6.5,-3.0,0.00,0.00,0.00,15.1,32.8,21.91,55118.89,58,1030.7
2023-05-08,7.6,9.1,-2.5,0.00,0.00,0.00,11.9,28.4,21.19,53614.41,53,1031.3
2023-05-09,9.6,13.2,-1.7,0.00,0.00,0.00,14.0,32.8,24.52,54530.89,56,1027.8
2023-05-10,11.3,15.1,0.7,0.00,0.00,0.00,13.3,28.8,25.30,57093.19,56,1024.2
2023-05-11,11.5,15.4,0.6,0.00,0.00,0.00,14.0,29.2,21.40,54060.29,61,1024.8
2023-05-12,13.7,15.2,4.3,0.00,0.00,0.00,17.6,37.4,26.06,57357.63,51,1025.2
2023-05-13,15.3,19.3,6.8,0.00,0.00,0.00,12.6,30.2,24.26,54728.37,59,1025.6
2023-05-14,13.7,18.4,4.9,0.10,0.10,0.00,9.0,19.1,17.87,36021.79,65,1025.7
2023-05-15,15.8,19.1,8.0,0.00,0.00,0.00,12.6,24.8,20.71,51882.73,56,1021.5
2023-05-16,15.2,17.4,6.7,0.20,0.20,0.00,23.0,47.5,16.00,32071.38,58,1015.9
2023-05-17,15.6,16.2,10.3,0.30,0.30,0.00,22.3,42.5,13.94,28540.15,66,1014.0
2023-05-18,11.7,12.0,4.9,2.80,2.80,0.00,18.4,38.2,23.17,48074.70,64,1020.4
2023-05-19,10.8,12.3,2.7,0.00,0.00,0.00,17.3,38.5,27.54,57600.00,59,1029.8
2023-05-20,12.7,16.6,2.1,0.00,0.00,0.00,13.0,29.2,26.67,57600.00,55,1032.3
2023-05-21,14.0,18.6,5.3,0.00,0.00,0.00,13.0,28.1,19.93,45803.87,62,1028.6
2023-05-22,12.1,16.5,6.0,10.20,10.20,0.00,10.8,42.8,9.09,13583.93,82,1022.6
2023-05-23,14.6,19.9,7.6,0.00,0.00,0.00,12.6,28.4,23.05,44960.97,80,1018.8
2023-05-24,16.5,22.1,6.8,0.00,0.00,0.00,10.8,22.7,26.00,55547.16,67,1018.0
2023-05-25,17.0,22.2,8.7,0.30,0.30,0.00,29.2,58.0,21.47,43575.00,68,1014.4
2023-05-26,14.3,15.5,8.3,0.10,0.10,0.00,12.2,51.5,24.21,44741.17,55,1014.0
2023-05-27,11.0,8.9,4.6,0.00,0.00,0.00,17.6,36.4,18.15,47638.55,56,1020.4
2023-05-28,11.6,14.7,0.8,0.00,0.00,0.00,11.9,28.4,29.10,58144.77,53,1021.0
2023-05-29,12.6,14.2,5.2,2.20,2.20,0.00,17.6,42.1,21.39,49437.05,52,1015.9
2023-05-30,10.7,11.8,2.2,0.00,0.00,0.00,15.5,37.8,21.72,38137.12,52,1017.7
2023-05-31,11.8,14.8,3.0,0.60,0.60,0.00,20.2,41.8,18.44,36148.98,63,1013.1
2023-06-01,11.0,10.0,3.8,0.00,0.00,0.00,22.7,47.2,21.39,47077.00,62,1007.5
2023-06-02,7.9,7.1,-1.0,0.00,0.00,0.00,18.0,39.2,25.21,58486.15,50,1012.6
2023-06-03,7.8,8.3,-2.0,0.00,0.00,0.00,16.9,36.4,20.12,53149.18,64,1015.0
2023-06-04,9.8,11.3,3.1,1.80,1.80,0.00,16.9,34.6,13.14,22736.67,74,1014.2
2023-06-05,12.4,13.0,4.2,0.00,0.00,0.00,22.0,45.4,22.63,56335.62,63,1016.0
2023-06-06,14.6,16.4,6.2,0.90,0.90,0.00,16.2,35.3,27.41,54297.07,52,1017.8
2023-06-07,13.4,14.0,7.8,0.40,0.40,0.00,17.6,38.5,29.29,55736.68,63,1017.8
2023-06-08,13.9,18.7,2.2,0.00,0.00,0.00,17.3,36.7,28.37,53778.39,54,1017.7
2023-06-09,11.6,11.5,5.6,1.80,1.80,0.00,16.6,36.0,23.25,54577.71,64,1020.5
2023-06-10,10.8,13.1,1.8,0.00,0.00,0.00,15.1,33.1,26.99,62090.03,56,1029.0
2023-06-11,12.0,17.1,0.2,0.00,0.00,0.00,10.1,23.0,29.61,62675.63,51,1031.6
2023-06-12,15.1,20.4,3.1,0.00,0.00,0.00,11.9,24.1,29.97,62278.60,49,1028.6
2023-06-13,17.0,23.2,5.3,0.00,0.00,0.00,13.3,29.2,29.68,61940.32,49,1023.5
2023-06-14,18.8,24.3,7.6,0.00,0.00,0.00,12.6,30.6,29.17,61969.60,48,1020.5
2023-06-15,19.1,24.9,8.5,0.00,0.00,0.00,10.4,24.8,29.44,61717.35,52,1019.5
2023-06-16,20.3,26.5,9.3,0.00,0.00,0.00,12.2,25.9,28.79,60160.68,51,1015.9
2023-06-17,20.7,25.4,11.9,0.00,0.00,0.00,19.4,39.6,28.93,59969.08,48,1015.9
2023-06-18,18.0,20.1,9.7,0.00,0.00,0.00,16.9,37.1,29.79,61816.41,41,1020.0
2023-06-19,17.8,22.3,7.3,0.00,0.00,0.00,9.4,25.2,29.86,61726.48,45,1019.2
2023-06-20,19.0,23.8,10.5,0.00,0.00,0.00,16.2,36.4,25.34,47008.30,48,1017.2
2023-06-21,19.4,25.2,9.0,0.00,0.00,0.00,9.7,23.0,28.70,61024.80,47,1018.3
2023-06-22,21.2,28.1,15.5,10.50,10.50,0.00,16.6,47.5,17.83,31033.84,59,1011.6
2023-06-23,19.8,24.2,17.5,1.40,1.40,0.00,15.8,32.4,18.50,41464.24,77,1008.6
2023-06-24,19.2,23.5,13.5,0.00,0.00,0.00,17.6,37.1,23.79,52505.53,64,1012.2
2023-06-25,17.6,21.5,10.8,0.00,0.00,0.00,11.5,33.8,20.42,44968.18,70,1014.2
2023-06-26,18.1,22.8,14.9,6.00,6.00,0.00,13.7,32.0,14.36,28604.92,81,1014.4
2023-06-27,17.9,24.6,11.7,1.70,1.70,0.00,19.1,42.1,20.83,38753.95,79,1011.7
2023-06-28,20.0,25.3,13.8,0.40,0.40,0.00,16.2,40.0,22.31,52218.54,69,1009.2
2023-06-29,20.2,25.3,13.3,0.00,0.00,0.00,19.1,48.6,23.81,54697.40,66,1005.9
2023-06-30,19.9,26.2,13.8,1.00,1.00,0.00,15.1,36.4,23.18,49733.86,69,1002.9
2023-07-01,18.9,25.9,14.6,23.40,23.40,0.00,17.6,56.2,17.31,32196.17,79,996.5
2023-07-02,17.8,19.8,12.3,0.00,0.00,0.00,19.4,38.2,18.80,41600.12,73,994.3
2023-07-03,15.7,15.7,11.2,9.60,9.60,0.00,27.0,55.1,16.51,31523.76,79,996.1
2023-07-04,15.9,17.2,8.5,0.20,0.20,0.00,24.8,49.3,24.27,55113.96,69,1005.0
2023-07-05,16.7,17.5,10.1,0.00,0.00,0.00,23.0,46.4,24.38,59971.64,64,1011.3
2023-07-06,19.0,24.7,9.1,0.00,0.00,0.00,11.2,27.4,27.92,58917.11,61,1016.1
2023-07-07,17.3,19.4,13.7,0.70,0.70,0.00,14.8,30.2,10.30,19956.72,76,1015.3
2023-07-08,16.3,19.4,11.8,4.30,4.30,0.00,12.2,26.6,14.30,33432.68,76,1014.4
2023-07-09,13.9,16.8,9.0,0.20,0.20,0.00,17.6,34.9,11.62,18528.41,80,1015.9
2023-07-10,13.3,15.3,5.9,0.00,0.00,0.00,16.6,35.6,27.39,59800.75,62,1019.0
2023-07-11,14.4,17.0,5.8,0.00,0.00,0.00,15.5,33.1,23.58,50918.75,61,1016.9
2023-07-12,15.9,19.0,6.5,0.00,0.00,0.00,17.6,37.1,25.00,51816.90,60,1011.3
2023-07-13,19.1,22.5,11.5,0.00,0.00,0.00,19.4,41.8,24.52,54008.33,56,1006.1
2023-07-14,18.7,22.1,11.1,0.00,0.00,0.00,15.1,32.8,22.02,46800.00,66,1008.5
2023-07-15,19.5,22.0,14.4,0.00,0.00,0.00,15.5,32.8,18.24,44658.48,64,1012.0
2023-07-16,20.6,25.9,12.0,0.00,0.00,0.00,9.7,22.7,27.58,57600.00,56,1015.2
2023-07-17,20.4,26.0,14.2,0.20,0.20,0.00,12.6,29.9,18.94,28800.00,60,1011.2
2023-07-18,16.6,20.5,13.9,7.00,7.00,0.00,13.3,49.3,9.76,14602.29,82,1006.4
2023-07-19,16.3,18.6,12.1,0.10,0.10,0.00,16.2,33.8,17.63,38320.43,78,1000.8
2023-07-20,16.7,18.6,11.8,0.00,0.00,0.00,15.8,40.7,19.94,43315.89,70,1000.6
2023-07-21,16.8,18.3,10.6,0.00,0.00,0.00,18.7,46.4,21.93,52407.03,67,1002.3
2023-07-22,17.2,19.0,11.3,0.40,0.40,0.00,22.0,46.1,19.46,49363.99,67,1005.0
2023-07-23,15.3,18.4,8.9,0.30,0.30,0.00,16.2,43.2,13.63,30142.18,75,1005.6
2023-07-24,16.3,18.2,9.9,0.00,0.00,0.00,15.8,39.2,20.35,54391.86,67,1002.8
2023-07-25,17.4,21.4,9.8,3.30,3.30,0.00,13.7,33.1,19.75,42951.82,71,999.5
2023-07-26,16.3,18.7,14.6,1.40,1.40,0.00,12.6,23.0,6.18,542.64,92,997.6
2023-07-27,17.7,21.3,14.7,0.60,0.60,0.00,10.1,20.9,9.94,14636.58,84,1003.8
2023-07-28,15.0,16.7,12.6,20.00,20.00,0.00,16.2,33.5,5.88,14400.00,88,1001.8
2023-07-29,16.0,18.3,10.4,0.00,0.00,0.00,22.0,42.8,18.55,47572.15,77,1003.1
2023-07-30,19.3,23.2,13.9,0.10,0.10,0.00,14.4,29.5,22.91,51669.45,66,1005.7
2023-07-31,17.4,23.5,12.4,6.70,6.70,0.00,11.9,25.6,12.55,21592.60,83,1006.4
2023-08-01,19.0,24.4,12.8,0.00,0.00,0.00,13.0,27.0,20.80,46055.78,76,1006.2
2023-08-02,19.8,24.6,16.2,1.20,1.20,0.00,18.4,41.0,7.83,12798.98,84,1005.0
2023-08-03,19.1,23.6,18.4,8.50,8.50,0.00,15.5,32.0,6.18,7751.62,93,1004.6
2023-08-04,19.8,22.9,17.2,5.90,5.90,0.00,19.1,45.0,16.39,37518.14,82,1004.1
2023-08-05,19.8,23.6,15.2,0.00,0.00,0.00,17.6,35.6,22.01,51888.05,73,1012.8
2023-08-06,21.8,30.8,17.9,0.50,0.50,0.00,12.2,24.5,14.31,29818.11,79,1013.7
2023-08-07,26.9,30.2,24.3,0.00,0.00,0.00,29.2,53.3,22.85,52749.59,60,1007.7
2023-08-08,22.7,23.9,16.9,0.10,0.10,0.00,28.1,53.6,14.30,32390.47,55,1005.2
2023-08-09,18.2,22.2,11.9,0.00,0.00,0.00,10.1,23.0,16.46,36917.06,66,1014.1
2023-08-10,18.5,22.6,9.4,0.00,0.00,0.00,14.8,31.3,21.51,44143.04,62,1020.2
2023-08-11,19.2,22.8,12.9,0.00,0.00,0.00,11.2,24.8,13.96,35193.36,65,1022.8
2023-08-12,19.4,23.6,13.7,0.00,0.00,0.00,13.0,26.3,18.91,47166.04,65,1019.7
2023-08-13,18.6,24.0,16.3,2.60,2.60,0.00,14.8,27.0,4.53,1426.42,88,1014.7
2023-08-14,20.1,22.5,16.6,0.10,0.10,0.00,16.6,34.6,18.08,46377.34,71,1015.1
2023-08-15,20.0,25.5,15.2,0.00,0.00,0.00,13.7,30.2,19.84,49018.14,70,1021.4
2023-08-16,21.2,30.5,12.4,0.10,0.10,0.00,20.5,40.0,17.54,44567.04,71,1020.6
2023-08-17,21.9,27.8,16.8,0.80,0.80,0.00,14.4,30.2,17.03,46825.59,74,1020.2
2023-08-18,17.8,22.0,13.3,0.00,0.00,0.00,15.5,32.4,18.35,45846.74,74,1027.3
2023-08-19,14.3,15.4,10.9,1.90,1.90,0.00,10.8,20.5,3.96,1445.53,86,1026.1
2023-08-20,16.5,19.2,11.4,0.00,0.00,0.00,14.8,30.2,19.79,46800.00,74,1021.6
2023-08-21,15.6,20.8,6.6,0.00,0.00,0.00,8.3,23.0,19.11,50020.36,67,1017.2
2023-08-22,15.3,17.4,12.8,1.00,1.00,0.00,5.8,13.7,3.35,1749.20,84,1010.6
2023-08-23,14.7,17.8,11.2,0.00,0.00,0.00,11.2,24.5,11.02,27662.26,84,1010.4
2023-08-24,13.1,16.0,6.4,0.10,0.10,0.00,9.4,18.0,6.03,9151.73,77,1013.9
2023-08-25,15.4,20.0,10.9,13.50,13.50,0.00,10.8,22.0,11.67,30626.77,88,1013.5
2023-08-26,16.4,20.7,12.6,0.00,0.00,0.00,12.6,27.4,15.03,41429.50,82,1013.5
2023-08-27,16.2,19.6,11.6,0.00,0.00,0.00,9.7,22.0,9.33,15145.44,74,1011.9
2023-08-28,16.4,17.4,11.1,1.60,1.60,0.00,21.6,40.7,10.69,30259.77,68,1008.7
2023-08-29,16.5,19.5,11.0,0.00,0.00,0.00,14.4,29.2,16.56,45242.39,76,1010.3
2023-08-30,16.3,19.8,9.0,0.40,0.40,0.00,20.5,42.1,12.02,35794.18,78,1010.1
2023-08-31,19.9,25.5,16.3,0.70,0.70,0.00,21.2,52.9,12.46,33599.48,87,1006.1
2023-09-01,18.7,21.8,17.0,2.30,2.30,0.00,16.2,31.7,10.13,24394.82,88,1009.8
2023-09-02,17.5,19.3,14.4,0.90,0.90,0.00,16.9,33.5,14.16,30094.23,74,1013.8
2023-09-03,14.2,17.8,8.0,0.00,0.00,0.00,12.6,25.6,8.10,14310.71,82,1018.0
2023-09-04,14.6,17.9,7.0,0.00,0.00,0.00,15.5,31.3,13.49,44264.65,75,1021.7
2023-09-05,15.6,16.5,10.7,0.00,0.00,0.00,22.3,40.3,4.73,1761.54,82,1017.1
2023-09-06,14.7,16.1,8.3,0.90,0.90,0.00,23.8,47.9,16.37,43309.69,65,1017.4
2023-09-07,12.7,15.5,3.7,0.00,0.00,0.00,15.1,32.8,16.15,43062.32,65,1026.2
2023-09-08,14.9,18.5,10.2,0.00,0.00,0.00,9.4,22.0,9.55,26737.07,79,1021.1
2023-09-09,13.9,19.6,5.4,0.00,0.00,0.00,7.6,15.5,15.62,43200.00,74,1023.8
2023-09-10,14.5,20.5,4.8,0.00,0.00,0.00,13.3,28.4,13.62,34561.90,73,1020.3
2023-09-11,16.7,22.8,9.5,0.00,0.00,0.00,11.2,22.7,11.99,34756.34,76,1016.3
2023-09-12,16.8,21.2,11.4,0.00,0.00,0.00,15.1,28.8,7.02,13771.24,75,1015.2
2023-09-13,18.9,23.4,10.9,0.00,0.00,0.00,16.2,31.7,12.81,39600.00,63,1013.2
2023-09-14,14.4,16.6,9.2,14.80,14.80,0.00,18.7,35.3,0.76,0.00,83,1011.5
2023-09-15,11.3,13.4,5.7,0.00,0.00,0.00,13.7,28.8,14.35,43200.00,79,1022.1
2023-09-16,10.5,14.6,1.8,0.00,0.00,0.00,14.4,29.2,9.67,36167.49,76,1026.7
2023-09-17,12.3,14.3,6.0,0.70,0.70,0.00,27.4,50.0,8.83,25087.59,72,1018.8
2023-09-18,9.8,13.6,2.7,0.00,0.00,0.00,10.4,19.8,13.68,42765.58,77,1020.9
2023-09-19,12.2,19.2,2.0,0.70,0.70,0.00,21.6,38.9,8.85,23954.63,82,1010.0
2023-09-20,16.7,16.8,10.7,0.50,0.50,0.00,28.1,53.3,5.01,10623.63,72,1003.6
2023-09-21,17.4,19.6,13.9,0.00,0.00,0.00,20.9,40.0,8.96,29213.26,76,1012.6
2023-09-22,17.1,20.0,11.5,0.00,0.00,0.00,20.9,42.1,11.54,35014.18,74,1015.7
2023-09-23,18.7,20.6,11.8,0.30,0.30,0.00,25.9,49.3,10.62,31951.77,62,1012.0
2023-09-24,15.9,17.1,12.3,10.90,10.90,0.00,16.2,35.3,6.78,22576.46,86,1015.4
2023-09-25,12.6,14.0,8.4,0.00,0.00,0.00,13.0,26.6,8.94,33702.61,82,1027.5
2023-09-26,12.1,13.5,6.9,0.00,0.00,0.00,15.8,31.7,8.87,30364.45,76,1029.2
2023-09-27,12.6,14.5,5.9,0.10,0.10,0.00,15.1,30.2,8.81,23447.28,75,1027.1
2023-09-28,15.3,17.9,11.3,0.00,0.00,0.00,14.4,28.8,7.01,25554.50,84,1021.2
2023-09-29,15.7,20.7,8.4,0.00,0.00,0.00,14.4,28.8,8.59,33907.48,80,1017.2
2023-09-30,15.9,16.8,10.4,0.00,0.00,0.00,23.4,41.8,5.00,12386.71,78,1008.3
2023-10-01,12.5,10.7,7.8,1.60,1.60,0.00,24.8,46.1,3.07,8446.25,80,1005.8
2023-10-02,10.6,10.2,6.9,1.40,1.40,0.00,13.7,26.6,1.65,3212.90,90,1013.2
2023-10-03,11.0,13.4,5.9,3.80,3.80,0.00,16.9,31.3,1.93,109.80,94,1007.4
2023-10-04,11.4,13.5,3.7,25.20,25.20,0.00,36.4,69.5,1.05,0.00,91,994.9
2023-10-05,9.9,11.3,4.0,8.60,8.60,0.00,18.4,33.5,4.80,12103.75,90,1003.2
2023-10-06,6.1,5.0,-1.3,2.70,2.70,0.00,26.6,49.3,9.73,36000.00,73,1008.2
2023-10-07,4.8,5.3,-4.6,25.70,25.70,0.00,36.7,67.7,0.39,0.00,92,982.7
2023-10-08,2.6,-2.6,-4.8,10.00,10.00,0.00,31.3,58.3,0.99,0.00,87,990.9
2023-10-09,3.1,1.1,-3.7,0.00,0.00,0.00,28.4,54.7,6.06,28828.12,77,1006.4
2023-10-10,1.8,2.6,-4.7,0.00,0.00,0.00,13.0,23.0,7.82,33240.36,83,1013.9
2023-10-11,5.0,4.5,-2.9,3.30,3.30,0.00,33.5,59.0,0.69,0.00,93,1002.1
2023-10-12,9.3,9.0,1.8,12.70,12.70,0.00,38.9,70.9,3.55,7448.89,80,987.2
2023-10-13,7.6,6.4,1.1,0.30,0.30,0.00,29.5,53.6,3.33,8160.84,81,1001.8
2023-10-14,9.9,11.9,1.4,7.30,7.30,0.00,29.9,54.7,0.46,0.00,92,991.5
2023-10-15,7.8,3.5,1.2,2.10,2.10,0.00,33.5,62.6,3.08,9966.65,78,990.2
2023-10-16,4.3,3.1,-1.0,2.40,2.40,0.00,18.7,40.3,4.41,15419.62,89,999.2
2023-10-17,4.1,1.1,-1.0,2.30,2.30,0.00,18.7,35.3,2.17,743.16,86,1003.6
2023-10-18,1.6,0.5,-3.5,0.00,0.00,0.00,11.2,22.3,4.87,19985.90,86,1006.9
2023-10-19,1.1,-0.5,-3.2,1.40,1.40,0.00,13.7,24.5,3.04,10617.16,90,1013.0
2023-10-20,0.7,-2.5,-4.9,0.00,0.00,0.00,18.7,35.3,6.02,30307.94,83,1019.3
2023-10-21,-0.6,-1.8,-6.6,0.00,0.00,0.00,11.5,23.0,6.96,32400.00,79,1023.1
2023-10-22,-0.2,-2.8,-6.4,0.00,0.00,0.00,10.1,17.6,1.07,0.00,82,1016.1
2023-10-23,0.9,-1.1,-2.8,0.00,0.00,0.00,9.0,16.6,0.95,0.00,95,1008.7
2023-10-24,0.4,-1.9,-4.4,0.70,0.70,0.00,11.5,22.3,5.70,31012.65,85,1016.4
2023-10-25,-0.3,-2.8,-6.6,0.00,0.00,0.00,10.1,19.4,4.06,19606.85,80,1020.2
2023-10-26,-2.2,-5.3,-8.9,0.00,0.00,0.00,17.3,32.4,4.97,27612.59,77,1015.3
2023-10-27,-2.1,-5.3,-7.8,0.00,0.00,0.00,13.3,25.9,3.34,15717.38,80,1005.4
2023-10-28,-1.7,-4.4,-6.6,1.40,0.00,0.98,11.9,21.6,2.03,78.73,91,1000.8
2023-10-29,-0.7,-2.8,-5.5,0.40,0.10,0.21,13.7,25.6,2.43,7732.06,89,1007.8
2023-10-30,-0.9,-4.1,-5.4,0.70,0.00,0.49,14.0,27.0,0.87,0.00,90,1005.3
2023-10-31,-1.4,-2.9,-8.6,8.30,8.20,0.07,19.1,34.2,1.23,3673.59,96,1007.3
2023-11-01,6.1,7.4,-2.4,6.90,6.90,0.00,20.9,47.9,0.32,0.00,96,996.5
2023-11-02,3.3,1.1,-3.0,0.70,0.70,0.00,23.0,44.3,1.93,8612.58,84,1003.4
2023-11-03,1.9,0.2,-3.4,0.00,0.00,0.00,24.5,43.2,3.10,16502.38,90,1009.7
2023-11-04,3.6,1.5,-2.9,1.60,1.60,0.00,25.2,45.7,0.96,1582.05,93,1002.4
2023-11-05,5.3,3.7,1.8,6.50,6.50,0.00,15.1,29.2,0.26,0.00,98,994.9
2023-11-06,5.5,3.7,1.8,7.10,7.10,0.00,15.8,29.2,0.27,0.00,97,993.3
2023-11-07,5.6,4.4,1.7,1.70,1.70,0.00,14.0,25.2,0.41,0.00,96,998.1
2023-11-08,5.9,4.5,0.6,1.20,1.20,0.00,13.3,23.8,0.65,0.00,94,1004.2
2023-11-09,5.4,4.3,0.8,0.30,0.30,0.00,10.4,20.5,0.87,0.00,96,1007.5
2023-11-10,5.3,2.5,0.9,1.50,1.50,0.00,18.4,33.5,1.01,156.94,92,1007.7
2023-11-11,5.3,3.1,2.4,2.90,2.90,0.00,12.6,24.1,0.37,0.00,96,1007.6
2023-11-12,4.8,2.5,-2.7,2.00,2.00,0.00,22.7,40.3,0.95,0.00,92,1004.6
2023-11-13,1.2,-2.8,-4.0,10.60,10.60,0.00,22.0,40.3,0.19,0.00,96,995.8
2023-11-14,-0.2,-3.8,-4.5,1.70,0.50,0.84,14.4,26.3,0.87,0.00,91,998.3
2023-11-15,-0.2,-3.4,-5.1,1.00,0.00,0.70,14.8,27.0,1.04,0.00,92,1005.5
2023-11-16,-2.3,-5.3,-7.3,0.20,0.00,0.14,14.4,25.2,1.69,9893.87,81,1015.4
2023-11-17,-5.8,-6.8,-12.8,0.00,0.00,0.00,6.1,17.3,2.64,20501.63,91,1023.5
2023-11-18,-6.5,-8.4,-12.4,0.00,0.00,0.00,11.9,21.6,2.67,22327.11,85,1025.0
2023-11-19,-7.1,-8.2,-13.2,0.00,0.00,0.00,8.3,19.1,2.45,21491.23,90,1020.2
2023-11-20,-5.7,-7.4,-11.1,0.00,0.00,0.00,6.1,11.5,1.99,19793.05,93,1018.0
2023-11-21,-5.8,-9.1,-12.8,0.00,0.00,0.00,14.8,27.4,2.34,21152.45,86,1021.9
2023-11-22,-5.3,-8.1,-11.8,0.00,0.00,0.00,20.9,36.0,0.89,0.00,88,1022.5
2023-11-23,-4.0,-6.4,-14.1,5.20,0.00,3.64,35.6,61.6,0.31,0.00,84,988.9
2023-11-24,-4.3,-6.6,-10.7,0.00,0.00,0.00,10.8,21.2,1.11,1334.42,88,978.5
2023-11-25,-7.3,-10.5,-15.6,1.00,0.00,0.70,8.6,16.9,1.20,3417.90,85,993.5
2023-11-26,-10.6,-11.9,-18.8,0.00,0.00,0.00,10.8,19.8,1.57,14927.31,87,1004.2
2023-11-27,-5.8,-11.3,-13.5,8.60,0.00,6.02,38.5,68.0,1.44,11977.70,86,1003.5
2023-11-28,-3.4,-5.7,-12.9,4.20,0.00,2.94,29.9,53.3,0.53,0.00,89,995.3
2023-11-29,-6.5,-8.8,-13.2,0.00,0.00,0.00,15.1,25.6,1.48,16496.87,89,1009.1
2023-11-30,-5.0,-9.3,-12.3,3.10,0.00,2.17,19.4,33.5,0.64,0.00,87,1004.9
2023-12-01,-4.7,-7.9,-9.7,2.50,0.00,1.75,11.9,21.6,1.11,8014.90,93,1000.5
2023-12-02,-8.2,-9.0,-14.5,0.00,0.00,0.00,4.7,7.9,1.17,9716.25,91,1006.3
2023-12-03,-9.6,-11.0,-15.9,0.00,0.00,0.00,4.7,7.6,1.53,17749.47,89,1012.8
2023-12-04,-7.3,-10.1,-12.5,0.00,0.00,0.00,7.9,14.4,1.12,9157.52,89,1012.9
2023-12-05,-10.9,-12.2,-18.6,0.00,0.00,0.00,7.9,13.0,1.70,19847.28,88,1020.3
2023-12-06,-15.3,-17.2,-21.4,0.00,0.00,0.00,6.5,10.1,1.63,19580.94,86,1029.2
2023-12-07,-15.1,-16.7,-20.6,0.00,0.00,0.00,8.3,13.3,1.57,19304.10,88,1036.2
2023-12-08,-12.7,-15.9,-19.8,0.60,0.00,0.42,13.0,23.0,0.98,6967.55,83,1035.0
2023-12-09,-10.9,-15.2,-17.1,1.20,0.00,0.84,14.8,25.9,1.11,13352.49,82,1029.0
2023-12-10,-10.9,-16.1,-17.1,2.80,0.00,1.96,17.6,30.2,0.62,0.00,82,1022.4
2023-12-11,-9.9,-12.7,-16.8,3.90,0.00,2.73,13.0,23.0,0.34,0.00,89,1015.7
2023-12-12,-6.1,-9.6,-12.4,2.80,0.00,1.96,13.3,23.0,0.39,0.00,91,1009.6
2023-12-13,-2.8,-6.4,-9.5,2.90,0.00,2.03,18.0,30.2,0.33,0.00,93,1008.9
2023-12-14,-4.2,-7.7,-9.6,1.90,0.00,1.33,15.8,27.7,0.40,0.00,90,1014.8
2023-12-15,-6.4,-9.7,-11.8,1.40,0.00,0.98,13.0,22.0,0.64,166.90,90,1016.2
2023-12-16,-4.2,-7.7,-10.3,0.00,0.00,0.00,24.1,40.0,0.64,1973.54,93,1017.9
2023-12-17,0.6,-2.9,-7.3,4.60,2.20,1.68,32.4,59.4,1.27,16344.96,89,1003.6
2023-12-18,1.2,-2.1,-6.9,0.00,0.00,0.00,23.0,40.3,0.32,0.00,93,1005.6
2023-12-19,2.5,-1.5,-6.2,6.40,6.40,0.00,35.6,61.6,0.08,0.00,91,993.5
2023-12-20,0.4,-4.5,-7.4,0.00,0.00,0.00,36.4,63.7,0.32,0.00,81,989.3
2023-12-21,-0.2,-3.6,-4.8,1.20,0.10,0.77,14.4,24.8,0.28,0.00,95,986.9
2023-12-22,-0.5,-3.5,-7.6,3.80,1.50,1.61,24.1,41.8,0.21,0.00,89,978.6
2023-12-23,-0.2,-3.3,-5.0,6.50,0.90,3.92,13.0,23.4,0.14,0.00,94,979.0
2023-12-24,-2.2,-5.0,-8.1,0.10,0.00,0.07,16.9,29.9,0.79,4784.80,89,987.0
2023-12-25,-2.6,-5.9,-7.8,2.00,0.00,1.40,16.6,29.2,0.71,2532.88,88,983.6
2023-12-26,-3.2,-6.4,-7.9,1.60,0.00,1.12,11.9,21.2,0.80,3496.55,91,989.5
2023-12-27,-3.8,-5.0,-10.3,1.40,0.00,0.98,11.2,20.9,0.40,0.00,93,998.1
2023-12-28,-3.1,-6.0,-8.5,0.00,0.00,0.00,15.1,26.3,0.42,0.00,89,1009.1
2023-12-29,-2.8,-6.1,-7.3,3.50,0.00,2.45,11.9,20.9,0.25,0.00,94,998.0
2023-12-30,-4.1,-6.0,-12.8,8.03,0.00,5.62,18.7,32.0,0.14,0.00,93,996.4
2023-12-31,-9.5,-13.7,-16.6,0.00,0.00,0.00,20.5,36.0,0.80,3427.20,86,1009.6
2024-01-01,-16.6,-14.7,-28.8,0.00,0.00,0.00,11.9,23.0,1.40,17777.25,86,1020.5
2024-01-02,-25.6,-27.7,-32.9,0.00,0.00,0.00,11.2,18.7,1.42,18300.78,82,1024.0
2024-01-03,-30.0,-30.9,-37.1,0.00,0.00,0.00,11.5,19.1,1.51,20200.95,80,1020.9
2024-01-04,-30.9,-34.6,-37.4,0.00,0.00,0.00,11.2,18.7,1.56,20285.86,79,1015.9
2024-01-05,-25.9,-25.6,-37.0,1.90,0.00,1.33,12.2,20.9,1.01,7737.45,80,1012.8
2024-01-06,-22.0,-25.2,-30.0,1.40,0.00,0.98,10.8,18.4,1.56,19953.83,82,1017.4
2024-01-07,-22.6,-24.7,-30.2,0.00,0.00,0.00,11.2,17.3,1.69,21176.38,83,1030.1
2024-01-08,-14.0,-12.6,-28.0,0.60,0.00,0.42,22.3,37.4,0.52,0.00,90,1026.4
2024-01-09,-3.1,-5.1,-11.8,0.10,0.00,0.07,27.7,48.2,0.30,0.00,93,1016.7
2024-01-10,-1.3,-4.4,-9.1,0.70,0.40,0.21,28.1,48.6,0.48,0.00,90,1013.0
2024-01-11,-4.5,-5.6,-15.9,1.00,0.20,0.56,32.8,65.5,0.97,2478.18,77,1008.3
2024-01-12,-14.0,-16.1,-22.3,0.00,0.00,0.00,19.4,34.2,1.65,20045.34,87,1015.1
2024-01-13,-18.1,-20.4,-26.8,0.00,0.00,0.00,21.2,35.3,1.71,20071.44,84,1012.8
2024-01-14,-15.0,-19.0,-23.0,0.50,0.00,0.35,20.2,34.6,1.19,6454.69,85,994.7
2024-01-15,-11.5,-14.0,-18.5,2.20,0.00,1.54,10.8,20.2,0.89,258.91,88,985.2
2024-01-16,-10.8,-14.4,-20.1,6.10,0.00,4.27,21.2,37.1,0.55,0.00,85,985.8
2024-01-17,-14.8,-16.8,-22.7,0.10,0.00,0.07,22.0,39.2,1.84,12194.75,84,1003.1
2024-01-18,-11.3,-15.0,-21.1,3.70,0.00,2.59,31.3,53.3,0.59,0.00,79,994.9
2024-01-19,-5.7,-11.4,-14.5,1.50,0.00,1.05,29.9,52.6,1.70,14503.96,81,991.3
2024-01-20,-16.4,-13.9,-25.5,0.00,0.00,0.00,16.9,33.1,2.49,21600.00,84,1013.9
2024-01-21,-17.2,-15.3,-27.9,0.00,0.00,0.00,18.7,31.3,1.76,16783.07,86,1025.6
2024-01-22,-5.2,-9.9,-14.3,2.80,0.00,1.96,38.9,64.8,1.28,3790.51,88,1011.1
2024-01-23,0.6,-3.3,-9.4,2.00,1.00,0.70,36.7,62.3,0.66,0.00,89,1000.2
2024-01-24,1.0,-2.9,-4.0,1.60,1.60,0.00,23.8,39.2,0.52,0.00,95,998.6
2024-01-25,-0.0,-3.7,-6.6,3.10,1.80,0.91,22.0,37.1,0.58,0.00,95,999.6
2024-01-26,-3.4,-7.0,-8.7,0.10,0.00,0.07,20.5,35.3,1.35,624.90,88,1015.8
2024-01-27,-3.5,-5.6,-9.8,0.00,0.00,0.00,9.4,16.6,1.93,11492.57,91,1019.9
2024-01-28,-1.7,-4.3,-7.6,0.00,0.00,0.00,16.6,28.8,0.84,0.00,91,1026.5
2024-01-29,1.6,-3.4,-5.1,0.00,0.00,0.00,29.5,49.3,2.15,16023.00,83,1023.0
2024-01-30,0.1,-2.1,-7.6,0.00,0.00,0.00,20.2,36.7,2.64,19357.13,92,1026.3
2024-01-31,-0.5,-2.6,-7.9,4.60,2.50,1.47,16.2,29.5,0.27,0.00,97,1016.7
2024-02-01,1.4,-3.2,-6.0,1.60,1.60,0.00,33.1,57.2,0.71,0.00,86,996.0
2024-02-02,-1.8,-6.1,-9.2,0.70,0.00,0.49,30.2,54.0,2.71,17417.26,74,997.4
2024-02-03,-1.8,-3.0,-10.6,1.70,0.20,1.05,19.4,33.5,0.67,0.00,93,988.9
2024-02-04,-0.5,-3.4,-6.6,0.70,0.00,0.49,18.4,35.6,1.72,5465.68,89,983.2
2024-02-05,-2.0,-4.5,-7.1,0.80,0.00,0.56,14.0,24.5,1.77,1724.63,89,984.0
2024-02-06,-7.6,-6.4,-19.8,1.70,0.00,1.19,13.0,23.8,3.05,19454.55,86,994.5
2024-02-07,-14.9,-17.2,-22.8,0.90,0.00,0.63,16.2,28.1,3.36,19513.53,85,993.5
2024-02-08,-18.4,-19.7,-26.4,0.00,0.00,0.00,12.6,22.3,4.83,28616.79,79,1002.3
2024-02-09,-18.8,-18.4,-28.3,0.00,0.00,0.00,13.3,22.7,5.00,28771.95,82,1008.4
2024-02-10,-15.8,-16.8,-23.6,0.20,0.00,0.14,8.6,15.5,3.52,25964.16,85,1014.4
2024-02-11,-16.1,-16.7,-24.9,1.10,0.00,0.77,9.4,16.2,1.92,5683.47,86,1014.9
2024-02-12,-11.4,-15.9,-19.5,1.60,0.00,1.12,18.0,31.7,2.06,5264.86,85,1014.5
2024-02-13,-13.6,-14.7,-23.1,0.00,0.00,0.00,18.7,31.3,5.84,28800.00,84,1021.4
2024-02-14,-11.0,-14.6,-18.5,6.00,0.00,4.20,19.8,34.2,0.81,0.00,80,1024.6
2024-02-15,-7.3,-9.7,-15.1,0.60,0.00,0.42,13.7,24.8,2.08,269.87,88,1027.4
2024-02-16,-4.5,-8.5,-12.4,4.30,0.00,3.01,32.8,54.4,5.86,28800.00,87,1025.8
2024-02-17,0.7,-2.7,-10.4,9.50,3.10,4.48,34.2,58.7,0.56,0.00,92,1007.5
2024-02-18,-3.3,-7.6,-11.6,0.40,0.00,0.28,25.9,45.4,5.91,24899.99,76,1019.9
2024-02-19,-7.4,-6.8,-17.6,0.00,0.00,0.00,14.8,24.8,6.73,31344.31,86,1025.5
2024-02-20,-4.0,-6.4,-10.5,0.00,0.00,0.00,17.3,29.2,4.65,26369.92,82,1018.0
2024-02-21,-4.7,-6.3,-12.9,0.00,0.00,0.00,16.2,28.4,3.77,16323.84,89,1015.2
2024-02-22,-0.9,-4.0,-7.4,0.50,0.00,0.35,20.5,34.9,2.02,0.00,92,1009.4
2024-02-23,1.5,-3.5,-4.8,0.40,0.40,0.00,30.6,51.1,1.78,0.00,93,1006.6
2024-02-24,1.6,-2.3,-4.2,4.20,4.20,0.00,33.5,55.4,0.91,0.00,98,1009.9
2024-02-25,2.4,-1.0,-4.1,0.70,0.70,0.00,36.7,63.4,5.23,27684.20,88,1014.1
2024-02-26,1.0,-1.7,-3.0,2.00,2.00,0.00,13.3,23.0,0.91,0.00,98,1014.9
2024-02-27,1.3,0.0,-2.8,0.20,0.20,0.00,13.3,23.0,2.14,0.00,98,1018.5
2024-02-28,0.9,-0.8,-2.6,0.00,0.00,0.00,6.5,13.0,2.57,0.00,96,1019.4
2024-02-29,0.9,-1.1,-3.0,0.10,0.10,0.00,12.6,24.8,3.67,13615.61,90,1020.7
2024-03-01,0.0,-2.3,-6.2,0.00,0.00,0.00,13.3,25.9,5.02,19637.82,85,1026.4
2024-03-02,0.4,-1.8,-6.5,0.00,0.00,0.00,14.8,27.0,2.43,0.00,92,1027.4
2024-03-03,1.4,0.0,-4.8,0.00,0.00,0.00,14.8,27.7,8.60,29868.83,86,1026.9
2024-03-04,-0.5,0.8,-7.8,0.00,0.00,0.00,14.0,25.2,8.88,36000.00,86,1026.4
2024-03-05,-1.1,-4.3,-7.2,0.00,0.00,0.00,18.0,34.6,8.67,36000.00,78,1031.1
2024-03-06,-2.1,-2.1,-10.0,0.00,0.00,0.00,15.5,28.1,10.08,36000.00,79,1031.2
2024-03-07,-1.7,-4.0,-7.4,0.10,0.00,0.07,11.5,20.9,5.65,22388.65,81,1026.5
2024-03-08,-0.8,-4.0,-7.2,0.10,0.00,0.07,14.0,27.0,4.40,7916.29,86,1022.2
2024-03-09,-2.1,-4.6,-8.0,0.00,0.00,0.00,9.4,18.7,7.73,33430.75,77,1022.7
2024-03-10,-2.2,-3.2,-9.9,0.00,0.00,0.00,14.4,26.6,4.27,3980.23,86,1023.8
2024-03-11,-0.7,-2.2,-8.5,0.00,0.00,0.00,15.1,29.2,9.00,32555.82,80,1025.5
2024-03-12,-0.8,-0.6,-8.3,0.00,0.00,0.00,10.8,21.2,9.62,35504.62,78,1024.6
2024-03-13,0.5,1.1,-8.5,0.20,0.20,0.00,15.1,27.7,10.56,33571.00,82,1019.3
2024-03-14,2.1,-1.8,-3.6,0.20,0.20,0.00,28.8,50.8,2.54,0.00,91,1012.9
2024-03-15,4.7,1.2,-2.3,4.00,4.00,0.00,29.2,52.6,0.95,0.00,94,1007.9
2024-03-16,5.2,4.0,-1.4,0.90,0.90,0.00,22.3,40.7,3.89,3441.67,92,1008.7
2024-03-17,2.2,2.8,-10.0,4.20,2.80,0.98,28.4,51.8,0.57,0.00,92,1010.3
2024-03-18,-1.8,-3.3,-10.4,0.10,0.00,0.07,26.6,49.3,11.82,39600.00,74,1023.2
2024-03-19,0.4,-0.4,-5.2,0.00,0.00,0.00,7.2,12.6,6.57,18298.76,84,1024.9
2024-03-20,1.9,1.5,-2.8,0.00,0.00,0.00,11.2,22.7,5.70,13347.22,89,1023.1
2024-03-21,2.4,1.7,-3.5,1.40,1.40,0.00,14.4,28.1,3.45,1769.82,91,1019.8
2024-03-22,3.1,0.2,-2.2,1.40,1.40,0.00,17.6,32.4,1.56,0.00,94,1007.6
2024-03-23,3.0,-0.4,-2.7,3.40,3.40,0.00,23.8,43.6,3.40,3600.00,92,993.4
2024-03-24,2.4,3.2,-3.2,0.10,0.10,0.00,9.4,18.0,8.08,19227.61,87,996.6
2024-03-25,1.3,-0.5,-3.1,1.50,1.50,0.00,13.7,24.8,5.61,5963.15,92,1001.2
2024-03-26,2.1,3.0,-3.7,1.20,1.10,0.07,9.0,20.5,8.25,16993.19,88,1009.6
2024-03-27,3.7,6.7,-2.8,0.10,0.10,0.00,14.8,28.1,7.17,13913.09,87,1011.4
2024-03-28,5.6,6.9,-3.4,0.00,0.00,0.00,19.4,37.1,13.43,38671.30,77,1006.2
2024-03-29,6.3,7.2,0.2,5.70,5.70,0.00,17.6,34.2,6.75,21114.66,84,997.0
2024-03-30,6.6,6.9,0.3,2.10,2.10,0.00,19.1,36.0,11.65,36000.00,87,1004.0
2024-03-31,6.0,10.3,-2.1,0.00,0.00,0.00,14.0,27.4,13.01,36002.82,90,1010.5
2024-04-01,11.0,17.4,3.4,0.00,0.00,0.00,16.6,31.3,10.77,29968.28,87,999.0
2024-04-02,4.3,5.3,-2.3,3.80,3.80,0.00,22.3,41.4,1.97,0.00,96,999.9
2024-04-03,-1.1,-2.6,-11.6,10.30,0.00,7.21,31.0,63.0,0.89,0.00,91,990.2
2024-04-04,-3.2,-5.3,-11.3,0.00,0.00,0.00,23.8,43.9,14.67,37736.93,69,1011.7
2024-04-05,-2.1,-4.3,-11.0,6.10,0.70,3.78,23.8,42.5,11.26,29441.44,72,1018.2
2024-04-06,1.8,1.4,-4.8,1.20,1.20,0.00,20.2,39.2,4.06,0.00,95,1010.1
2024-04-07,3.3,3.7,-4.3,0.00,0.00,0.00,23.0,42.1,11.97,25767.82,85,1014.8
2024-04-08,9.9,10.5,3.6,0.00,0.00,0.00,20.9,42.5,17.44,44684.32,83,1011.2
2024-04-09,9.0,11.3,4.2,0.30,0.30,0.00,16.9,29.9,6.84,7150.29,89,1013.9
2024-04-10,9.3,16.3,-0.5,0.50,0.50,0.00,20.5,37.8,14.59,35566.87,90,1014.1
2024-04-11,8.6,6.3,-0.1,0.50,0.50,0.00,28.1,53.3,18.21,44825.80,63,1015.0
2024-04-12,7.2,5.3,0.1,1.30,1.30,0.00,31.0,57.6,11.61,27688.11,76,1011.2
2024-04-13,6.5,9.4,-3.5,0.00,0.00,0.00,13.7,28.4,12.12,28108.37,83,1011.8
2024-04-14,8.1,8.0,1.3,5.40,5.40,0.00,22.7,62.6,5.81,4054.36,89,999.1
2024-04-15,4.3,2.4,-0.9,5.30,5.30,0.00,17.6,33.1,3.33,1073.84,92,991.1
2024-04-16,4.3,3.2,0.2,0.90,0.90,0.00,12.2,22.7,4.21,0.00,91,997.6
2024-04-17,2.0,1.0,-6.1,0.90,0.90,0.00,14.4,27.0,8.80,17050.24,83,1001.5
2024-04-18,-0.6,-1.1,-8.1,0.00,0.00,0.00,15.8,31.0,18.45,50400.00,65,1012.5
2024-04-19,-2.2,-7.1,-8.7,10.00,0.00,7.00,27.0,52.2,3.33,0.00,80,1004.2
2024-04-20,-0.8,-1.4,-8.0,1.20,0.00,0.84,19.1,34.9,13.69,38518.90,76,1007.3
2024-04-21,2.2,2.7,-5.1,1.20,1.10,0.07,18.7,34.2,13.48,28800.00,83,1023.0
2024-04-22,2.1,0.9,-5.0,7.00,7.00,0.00,26.6,48.2,2.69,0.00,94,1011.7
2024-04-23,2.9,2.4,-3.6,2.90,2.90,0.00,23.8,43.2,4.58,0.00,90,1010.4
2024-04-24,2.8,3.3,-3.8,1.40,1.40,0.00,13.0,25.6,12.65,37803.26,78,1017.5
2024-04-25,3.6,4.6,-2.7,7.50,7.50,0.00,22.7,40.7,0.87,0.00,92,1006.6
2024-04-26,6.6,8.0,0.6,0.10,0.10,0.00,16.9,39.2,9.51,16393.77,85,1010.9
2024-04-27,7.1,10.7,-2.3,0.00,0.00,0.00,11.2,26.6,22.16,50400.00,74,1018.5
2024-04-28,8.9,14.1,-0.4,0.00,0.00,0.00,22.0,45.0,15.39,35307.16,76,1024.8
2024-04-29,12.1,17.4,-0.2,0.00,0.00,0.00,18.0,37.1,20.48,47791.55,70,1028.0
2024-04-30,13.7,12.9,6.2,0.20,0.20,0.00,20.2,42.5,19.66,37863.73,63,1026.2
2024-05-01,8.4,9.7,1.0,0.00,0.00,0.00,15.1,33.8,24.20,52084.20,68,1027.8
2024-05-02,7.7,10.2,-2.1,0.00,0.00,0.00,14.8,32.0,23.98,52736.95,65,1024.9
2024-05-03,7.0,9.0,-0.3,0.00,0.00,0.00,9.7,22.0,13.97,29238.86,65,1022.1
2024-05-04,8.7,12.1,0.7,1.10,1.10,0.00,22.0,46.1,10.15,14350.43,74,1012.4
2024-05-05,5.3,5.0,-2.0,0.10,0.10,0.00,15.1,28.4,12.51,33245.27,77,1010.8
2024-05-06,3.1,3.6,-4.4,0.00,0.00,0.00,15.5,32.0,23.07,55789.20,56,1014.2
2024-05-07,3.0,1.4,-5.4,0.00,0.00,0.00,16.2,34.2,15.36,37505.29,57,1015.1
2024-05-08,1.4,-2.2,-6.0,0.00,0.00,0.00,20.2,42.1,18.52,44907.48,53,1022.6
2024-05-09,4.2,4.7,-6.6,0.00,0.00,0.00,19.8,43.9,26.66,57600.00,47,1021.3
2024-05-10,4.2,2.7,-1.9,2.90,2.90,0.00,20.9,41.8,2.85,3600.00,89,1010.6
2024-05-11,4.2,2.0,-3.3,1.80,1.80,0.00,23.4,44.3,10.31,12834.03,75,1015.1
2024-05-12,6.5,7.8,-2.6,0.00,0.00,0.00,13.7,31.3,23.78,53840.93,67,1021.8
2024-05-13,8.0,9.3,0.4,0.00,0.00,0.00,9.4,19.1,4.41,0.00,71,1021.4
2024-05-14,11.5,14.3,3.2,0.00,0.00,0.00,7.9,18.7,20.36,53958.59,75,1021.7
2024-05-15,14.5,19.2,4.1,0.00,0.00,0.00,12.2,26.3,22.67,56552.64,72,1022.8
2024-05-16,17.2,19.5,10.2,0.00,0.00,0.00,19.1,40.3,25.35,53258.15,56,1021.4
2024-05-17,15.5,17.7,8.1,0.00,0.00,0.00,16.9,37.1,26.78,56874.23,56,1021.8
2024-05-18,15.1,21.0,4.2,0.00,0.00,0.00,8.3,22.0,27.09,57600.00,58,1021.1
2024-05-19,17.8,23.5,6.0,0.00,0.00,0.00,17.3,36.7,24.13,48726.36,58,1014.2
2024-05-20,15.8,17.4,7.9,0.00,0.00,0.00,17.6,37.4,24.30,56375.45,54,1014.8
2024-05-21,12.4,15.9,2.5,0.00,0.00,0.00,16.9,37.1,27.95,57600.00,45,1023.0
2024-05-22,13.2,18.4,1.1,0.00,0.00,0.00,9.7,23.4,27.78,57600.00,50,1025.9
2024-05-23,15.9,21.5,5.0,0.00,0.00,0.00,10.1,25.6,27.60,57600.00,56,1027.9
2024-05-24,18.6,23.2,8.1,0.00,0.00,0.00,14.4,32.4,27.80,57600.00,52,1027.7
2024-05-25,20.8,26.1,11.1,0.00,0.00,0.00,15.8,33.5,21.76,47852.07,48,1024.1
2024-05-26,18.7,22.5,14.2,0.00,0.00,0.00,15.1,29.9,22.77,51051.09,67,1026.2
2024-05-27,19.7,26.4,10.2,0.00,0.00,0.00,7.6,21.2,23.62,52966.26,60,1025.3
2024-05-28,20.6,27.9,15.7,5.50,5.50,0.00,19.1,54.7,20.28,47302.34,70,1020.9
2024-05-29,18.7,23.0,15.0,2.30,2.30,0.00,15.1,46.1,10.21,13342.08,76,1016.8
2024-05-30,20.4,26.5,15.0,0.10,0.10,0.00,13.7,35.6,21.44,50400.00,70,1013.7
2024-05-31,21.1,28.0,15.4,0.00,0.00,0.00,15.5,49.3,21.70,42816.88,68,1014.8
2024-06-01,22.1,27.3,15.3,0.00,0.00,0.00,15.8,32.4,23.55,51584.90,64,1015.2
2024-06-02,20.3,27.1,16.8,16.10,16.10,0.00,12.6,38.9,17.21,41136.58,73,1011.2
2024-06-03,19.7,25.2,17.9,0.00,0.00,0.00,18.0,38.9,17.44,28589.31,84,1004.4
2024-06-04,20.1,24.5,17.1,3.80,3.80,0.00,18.0,50.4,18.33,40327.23,75,1004.7
2024-06-05,20.4,26.8,12.8,0.00,0.00,0.00,11.2,24.8,26.74,60010.62,61,1008.7
2024-06-06,18.8,26.0,13.7,24.20,24.20,0.00,18.4,38.2,15.76,30740.89,75,1008.8
2024-06-07,15.7,16.5,10.6,0.00,0.00,0.00,15.5,30.6,21.41,48827.04,66,1012.4
2024-06-08,12.4,15.4,6.7,5.90,5.90,0.00,15.5,33.8,14.77,36206.11,82,1010.2
2024-06-09,13.1,16.3,6.0,3.80,3.80,0.00,27.4,50.8,18.71,35470.92,79,1005.4
2024-06-10,13.5,15.3,6.0,0.40,0.40,0.00,21.2,44.6,21.76,52173.27,74,1004.9
2024-06-11,15.6,19.2,8.1,0.00,0.00,0.00,11.9,27.4,24.39,57241.92,70,1003.7
2024-06-12,14.5,16.8,9.4,2.20,2.20,0.00,18.0,37.1,17.02,37878.78,76,1008.2
2024-06-13,15.2,18.3,7.9,0.00,0.00,0.00,14.4,32.4,24.74,51954.43,69,1013.7
2024-06-14,14.4,17.0,7.1,0.00,0.00,0.00,11.2,21.6,13.94,28700.04,68,1015.3
2024-06-15,15.6,17.5,10.9,0.00,0.00,0.00,8.6,21.2,17.95,45801.61,69,1016.1
2024-06-16,17.6,23.1,9.2,0.00,0.00,0.00,13.0,24.1,26.76,55807.88,58,1017.8
2024-06-17,19.5,25.7,14.0,0.50,0.50,0.00,11.5,27.0,13.54,20223.15,64,1014.7
2024-06-18,16.7,18.8,13.3,8.50,8.50,0.00,20.9,40.0,7.37,19600.05,87,1009.0
2024-06-19,17.3,22.4,10.8,5.10,5.10,0.00,30.6,59.8,19.56,38234.70,77,1007.3
2024-06-20,14.3,13.8,10.3,0.80,0.80,0.00,23.4,59.4,13.18,24014.61,77,1004.6
2024-06-21,16.6,20.2,10.0,1.30,1.30,0.00,19.4,39.6,26.16,59994.94,66,1008.6
2024-06-22,16.8,19.3,9.3,0.00,0.00,0.00,15.5,34.9,29.12,61352.28,58,1010.8
2024-06-23,16.9,21.7,9.0,0.00,0.00,0.00,15.8,32.4,25.41,58822.32,59,1010.2
2024-06-24,16.4,20.7,8.4,0.00,0.00,0.00,13.7,28.4,22.02,57629.80,60,1013.8
2024-06-25,18.5,21.4,10.0,0.00,0.00,0.00,17.3,37.1,25.19,58034.91,57,1017.2
2024-06-26,21.9,25.8,15.2,0.00,0.00,0.00,18.0,39.6,28.75,60622.93,55,1016.1
2024-06-27,22.2,29.6,15.1,0.00,0.00,0.00,13.7,31.3,28.20,60832.56,58,1015.9
2024-06-28,23.8,31.6,15.2,0.00,0.00,0.00,7.6,22.3,28.57,60795.80,57,1015.9
2024-06-29,23.5,30.8,17.6,1.00,1.00,0.00,21.6,49.7,19.52,46028.97,61,1012.0
2024-06-30,19.9,23.0,14.8,0.00,0.00,0.00,13.0,29.9,27.63,61060.04,54,1013.5
2024-07-01,23.0,33.0,14.2,7.60,7.60,0.00,46.1,91.1,24.66,46493.62,64,1003.7
2024-07-02,19.0,23.5,14.1,0.40,0.40,0.00,16.2,35.6,21.36,38643.81,70,1002.5
2024-07-03,16.0,18.0,15.4,3.70,3.70,0.00,10.8,23.0,5.79,1661.65,90,1000.9
2024-07-04,17.2,20.8,12.3,0.50,0.50,0.00,12.6,27.4,13.50,27020.96,82,1007.9
2024-07-05,17.3,20.3,14.4,8.10,8.10,0.00,18.4,35.6,8.53,10800.00,85,1002.9
2024-07-06,15.7,16.8,10.2,1.50,1.50,0.00,22.0,47.2,21.08,53354.69,73,1008.6
2024-07-07,20.0,26.7,11.8,4.50,4.50,0.00,30.2,58.3,22.40,40903.70,76,1012.5
2024-07-08,15.9,19.2,13.3,4.70,4.70,0.00,10.1,27.0,5.05,7890.89,88,1018.2
2024-07-09,18.3,22.0,11.8,0.00,0.00,0.00,11.5,26.6,25.96,50400.00,63,1022.0
2024-07-10,19.1,24.3,11.9,0.00,0.00,0.00,10.4,26.3,27.36,57600.00,63,1025.3
2024-07-11,20.9,25.3,12.3,0.00,0.00,0.00,16.6,34.9,20.46,51207.10,58,1022.9
2024-07-12,19.5,21.8,17.7,4.70,4.70,0.00,14.8,27.0,4.61,104.47,80,1014.1
2024-07-13,20.6,26.5,16.7,0.10,0.10,0.00,11.2,20.9,17.97,39137.66,75,1013.7
2024-07-14,20.1,24.3,17.8,0.40,0.40,0.00,9.4,19.1,5.16,366.70,81,1012.6
2024-07-15,20.5,23.2,17.5,0.00,0.00,0.00,15.1,34.6,22.70,42973.90,70,1015.6
2024-07-16,20.9,26.2,13.6,0.00,0.00,0.00,7.9,22.0,23.48,57600.00,61,1018.2
2024-07-17,21.1,26.2,14.9,1.90,1.90,0.00,15.8,33.8,14.00,28800.00,69,1016.6
2024-07-18,21.4,24.8,19.7,0.10,0.10,0.00,11.5,27.7,18.95,41931.45,72,1014.7
2024-07-19,17.9,21.0,14.8,2.10,2.10,0.00,15.1,33.8,9.42,13610.16,83,1011.5
2024-07-20,17.8,21.5,16.9,2.90,2.90,0.00,9.7,21.2,8.31,11469.85,90,1008.3
2024-07-21,18.2,22.0,15.8,1.30,1.30,0.00,10.4,21.6,6.23,2582.05,93,1010.6
2024-07-22,21.1,26.1,17.6,0.00,0.00,0.00,15.8,32.8,24.20,49720.11,73,1013.7
2024-07-23,21.6,26.3,15.7,0.00,0.00,0.00,12.2,30.2,24.13,51194.49,56,1015.6
2024-07-24,21.8,28.0,13.2,0.00,0.00,0.00,9.4,24.1,26.41,57582.52,53,1013.9
2024-07-25,22.4,28.3,14.4,0.00,0.00,0.00,16.2,32.0,24.62,57559.91,55,1011.3
2024-07-26,23.4,29.9,15.7,0.00,0.00,0.00,7.9,20.9,22.78,54241.70,55,1011.1
2024-07-27,20.4,28.9,17.2,13.80,13.80,0.00,15.8,38.2,15.17,30282.16,73,1012.8
2024-07-28,20.7,25.4,18.9,0.40,0.40,0.00,11.2,25.2,15.99,34258.67,78,1010.6
2024-07-29,20.3,22.7,16.8,0.00,0.00,0.00,23.4,43.9,12.92,26805.09,69,1002.3
2024-07-30,17.4,19.2,13.3,0.20,0.20,0.00,17.6,37.1,12.20,26816.81,67,1005.6
2024-07-31,17.3,19.2,15.4,1.10,1.10,0.00,15.5,31.3,6.89,3704.23,84,1002.7
2024-08-01,16.3,17.4,14.8,3.40,3.40,0.00,12.2,25.9,4.90,115.12,91,1000.6
2024-08-02,17.6,22.2,15.1,6.50,6.50,0.00,14.8,40.0,10.58,18470.31,88,1002.7
2024-08-03,17.4,21.3,16.0,3.10,3.10,0.00,10.8,22.7,11.60,20517.23,89,1004.1
2024-08-04,16.9,22.0,15.2,21.40,21.40,0.00,8.3,19.1,8.44,13698.64,90,1005.7
2024-08-05,17.7,21.4,14.9,0.00,0.00,0.00,12.6,27.4,12.43,23887.21,85,1008.6
2024-08-06,17.2,19.8,13.5,0.30,0.30,0.00,13.0,24.5,10.21,28730.02,81,1011.8
2024-08-07,15.9,17.2,12.9,0.00,0.00,0.00,11.2,20.9,5.03,5100.23,87,1013.3
2024-08-08,17.9,22.1,11.8,0.00,0.00,0.00,10.8,23.4,20.04,52684.24,72,1013.8
2024-08-09,18.6,23.6,11.6,0.00,0.00,0.00,8.6,19.4,18.78,49602.59,70,1013.5
2024-08-10,17.1,19.9,13.6,10.20,10.20,0.00,18.0,35.6,6.98,9210.68,86,1006.8
2024-08-11,14.9,17.3,11.8,6.80,6.80,0.00,19.8,41.8,11.75,29090.46,86,1001.9
2024-08-12,14.5,16.7,10.6,18.80,18.80,0.00,13.3,24.8,9.41,19011.61,86,1003.6
2024-08-13,16.9,20.8,10.1,0.00,0.00,0.00,13.0,27.4,18.14,48732.51,81,1011.2
2024-08-14,18.4,22.9,14.1,0.00,0.00,0.00,13.7,41.4,18.13,42342.01,77,1016.1
2024-08-15,19.3,24.7,13.1,0.00,0.00,0.00,10.1,23.4,18.53,48945.65,76,1017.7
2024-08-16,20.4,24.0,15.8,0.00,0.00,0.00,15.8,31.7,16.66,35481.44,69,1013.5
2024-08-17,19.7,23.2,18.2,4.20,4.20,0.00,13.0,26.3,11.44,30056.84,84,1007.9
2024-08-18,18.2,20.5,14.6,0.10,0.10,0.00,14.4,30.6,14.68,40732.95,77,1009.6
2024-08-19,14.8,16.7,12.2,0.30,0.30,0.00,9.0,18.0,3.77,5154.17,86,1012.0
2024-08-20,16.2,20.7,10.4,0.00,0.00,0.00,7.6,19.4,19.94,48700.99,72,1017.4
2024-08-21,16.7,19.9,8.4,0.00,0.00,0.00,15.8,33.1,17.13,45041.24,64,1016.0
2024-08-22,17.6,23.2,13.3,19.40,19.40,0.00,16.9,31.7,3.93,3600.00,86,1007.6
2024-08-23,16.1,20.4,12.2,34.70,34.70,0.00,19.1,37.4,6.89,14422.75,90,1008.2
2024-08-24,16.8,19.8,11.9,4.15,4.15,0.00,19.8,38.2,11.78,26475.74,83,1010.8
2024-08-25,17.2,21.6,9.1,0.00,0.00,0.00,19.8,36.4,18.87,47219.32,81,1015.7
2024-08-26,19.2,21.1,15.4,0.40,0.40,0.00,12.6,26.6,18.47,43136.49,72,1018.8
2024-08-27,15.5,19.2,8.3,0.00,0.00,0.00,13.7,29.2,14.79,49432.54,78,1023.0
2024-08-28,16.2,20.5,10.7,0.00,0.00,0.00,11.2,24.1,15.08,42230.72,80,1026.7
2024-08-29,17.2,22.5,11.9,0.00,0.00,0.00,7.6,17.3,15.14,38962.91,78,1026.8
2024-08-30,17.8,25.5,8.9,0.00,0.00,0.00,14.8,29.2,15.20,46317.13,79,1023.9
2024-08-31,20.0,26.2,14.4,2.80,2.80,0.00,19.4,38.5,15.70,41166.24,79,1018.7
2024-09-01,14.7,17.3,10.8,7.70,7.70,0.00,14.8,30.2,12.54,38974.09,84,1022.2
2024-09-02,16.3,23.6,10.0,0.10,0.10,0.00,12.2,22.0,10.37,24135.73,86,1024.5
2024-09-03,19.3,26.4,14.5,0.00,0.00,0.00,10.4,24.5,16.45,42019.14,77,1025.8
2024-09-04,19.1,26.2,12.0,0.00,0.00,0.00,7.9,18.4,16.61,43480.16,72,1028.9
2024-09-05,17.3,21.8,11.9,0.00,0.00,0.00,8.3,19.4,16.73,43261.00,70,1031.8
2024-09-06,15.1,20.4,7.0,0.00,0.00,0.00,10.8,23.4,12.49,28862.39,70,1031.5
2024-09-07,14.8,20.3,5.5,0.00,0.00,0.00,13.3,28.4,2.06,3600.00,72,1028.5
2024-09-08,14.6,20.9,5.2,0.00,0.00,0.00,9.7,23.0,0.00,0.00,72,1025.9
2024-09-09,15.5,21.6,5.4,0.00,0.00,0.00,14.4,29.9,2.31,10800.00,68,1020.8
2024-09-10,18.1,21.7,10.0,0.00,0.00,0.00,20.5,40.7,15.33,43200.00,58,1012.9
2024-09-11,18.2,20.1,12.7,0.00,0.00,0.00,15.1,28.8,4.74,4493.31,56,1009.6
2024-09-12,18.8,23.0,16.6,0.00,0.00,0.00,15.1,28.4,6.28,13315.74,79,1012.9
2024-09-13,20.2,23.1,16.1,0.00,0.00,0.00,18.4,35.3,9.64,25200.00,61,1015.8
2024-09-14,20.3,22.6,14.4,0.00,0.00,0.00,16.2,32.0,11.14,36548.04,46,1018.5
2024-09-15,19.4,23.6,12.9,0.00,0.00,0.00,11.9,25.6,11.17,35575.75,51,1021.1
2024-09-16,16.6,21.5,13.1,0.00,0.00,0.00,10.1,21.6,7.98,20499.15,87,1026.6
2024-09-17,17.1,22.6,8.9,0.00,0.00,0.00,11.5,24.1,12.92,41362.39,70,1029.9
2024-09-18,15.7,20.4,11.4,0.00,0.00,0.00,12.2,23.4,11.13,37419.53,78,1031.1
2024-09-19,14.3,18.2,8.9,0.00,0.00,0.00,9.7,22.3,12.70,41261.30,80,1031.4
2024-09-20,14.6,19.7,7.7,0.00,0.00,0.00,16.2,30.2,10.95,30617.27,84,1026.8
2024-09-21,14.4,15.0,6.2,0.00,0.00,0.00,21.6,43.6,11.94,32618.16,68,1020.9
2024-09-22,8.1,9.3,-0.1,0.00,0.00,0.00,11.5,23.4,12.64,39600.00,62,1024.1
2024-09-23,8.4,9.8,0.5,0.00,0.00,0.00,13.0,28.4,10.99,37060.74,59,1020.8
2024-09-24,12.6,16.5,4.8,0.00,0.00,0.00,15.1,31.0,9.70,27882.86,57,1014.0
2024-09-25,15.1,19.8,7.3,0.40,0.40,0.00,23.4,47.5,10.49,31970.21,69,1008.2
2024-09-26,14.7,16.1,10.3,0.40,0.40,0.00,24.8,46.1,4.94,15695.35,83,1006.1
2024-09-27,14.7,13.8,10.8,5.80,5.80,0.00,27.4,51.8,1.02,0.00,91,995.3
2024-09-28,13.4,12.6,9.5,6.30,6.30,0.00,29.5,54.4,3.36,12326.98,84,998.6
2024-09-29,9.5,9.5,3.1,2.70,2.70,0.00,23.0,46.1,5.44,21359.13,85,1011.3
2024-09-30,6.7,7.8,-0.1,0.50,0.50,0.00,13.0,28.8,10.13,36000.00,80,1027.8
2024-10-01,4.6,5.6,-2.9,0.00,0.00,0.00,16.6,30.2,10.05,35258.36,73,1028.5
2024-10-02,5.5,6.1,0.4,0.20,0.20,0.00,10.4,19.1,1.87,0.00,81,1015.5
2024-10-03,7.7,8.0,3.5,0.00,0.00,0.00,10.1,18.7,1.32,0.00,93,1015.4
2024-10-04,6.9,5.4,1.5,5.70,5.70,0.00,13.7,25.6,0.82,0.00,94,1015.2
2024-10-05,6.7,8.9,0.2,0.00,0.00,0.00,11.2,22.3,5.08,13416.80,90,1017.4
2024-10-06,6.9,8.8,0.7,0.10,0.10,0.00,15.1,28.8,6.26,21851.53,90,1016.6
2024-10-07,7.6,11.7,-0.5,1.10,1.10,0.00,11.5,21.6,6.12,25691.77,87,1011.0
2024-10-08,6.2,5.4,-0.3,0.00,0.00,0.00,13.7,25.9,2.80,0.00,79,1015.3
2024-10-09,3.3,1.2,-2.6,0.70,0.70,0.00,27.7,50.4,5.81,22789.21,83,1014.0
2024-10-10,6.1,7.2,-2.5,5.00,5.00,0.00,30.2,54.4,0.29,0.00,94,1003.6
2024-10-11,12.2,11.9,8.0,5.60,5.60,0.00,25.2,45.0,0.36,0.00,95,1001.7
2024-10-12,8.5,9.5,0.6,0.00,0.00,0.00,13.0,25.9,7.07,33738.56,86,1015.0
2024-10-13,4.1,6.0,-2.4,0.00,0.00,0.00,10.8,21.6,5.57,21600.00,93,1017.6
2024-10-14,6.0,5.3,3.1,0.90,0.90,0.00,11.9,20.9,0.61,0.00,99,1008.9
2024-10-15,6.4,5.1,0.7,1.90,1.90,0.00,17.3,34.2,1.50,0.00,89,1009.2
2024-10-16,5.6,5.5,-1.1,0.00,0.00,0.00,13.0,23.4,3.25,13973.26,85,1025.0
2024-10-17,7.2,7.9,1.7,0.00,0.00,0.00,14.8,26.6,5.75,29105.09,85,1029.2
2024-10-18,6.2,7.1,-0.5,0.00,0.00,0.00,14.8,27.0,6.27,31553.93,75,1029.3
2024-10-19,6.0,7.5,-1.4,0.00,0.00,0.00,12.6,23.4,5.95,31236.69,70,1029.8
2024-10-20,5.3,7.1,-1.6,0.00,0.00,0.00,14.4,27.4,6.27,30889.83,79,1029.9
2024-10-21,5.6,4.4,-2.0,0.00,0.00,0.00,23.8,42.5,2.85,11778.97,77,1021.2
2024-10-22,11.0,8.6,5.4,0.10,0.10,0.00,24.8,47.2,3.11,11702.99,78,1015.7
2024-10-23,9.2,7.7,3.6,8.90,8.90,0.00,30.6,55.4,1.26,0.00,84,1012.2
2024-10-24,9.0,7.3,3.3,0.10,0.10,0.00,22.3,41.4,1.44,0.00,85,1017.4
2024-10-25,8.8,8.8,4.2,0.10,0.10,0.00,11.9,20.9,0.93,0.00,96,1021.2
2024-10-26,8.3,6.9,4.1,0.00,0.00,0.00,18.4,33.5,1.72,2026.64,85,1020.8
2024-10-27,7.2,5.9,4.0,0.00,0.00,0.00,14.0,24.8,1.40,0.00,91,1020.4
2024-10-28,8.1,6.4,3.9,3.40,3.40,0.00,21.6,38.2,2.26,7039.62,89,1011.2
2024-10-29,4.9,4.2,-1.4,1.50,1.50,0.00,18.4,35.3,5.05,28478.43,82,1015.0
2024-10-30,5.4,3.7,-2.4,2.20,2.20,0.00,30.6,58.0,1.33,3689.29,83,1002.8
2024-10-31,3.4,0.8,-3.5,1.80,1.80,0.00,27.0,52.6,2.82,12284.30,77,1004.1
2024-11-01,0.7,-0.6,-4.1,15.00,15.00,0.00,15.5,27.4,0.26,0.00,98,991.2
2024-11-02,-0.5,-2.7,-7.9,1.50,1.30,0.14,24.1,46.8,2.61,12475.15,89,1002.1
2024-11-03,0.1,-2.8,-5.9,8.20,8.20,0.00,20.5,38.9,1.29,6207.75,91,1009.1
2024-11-04,0.1,-3.5,-6.6,0.30,0.30,0.00,28.8,50.0,4.53,26585.04,84,1015.3
2024-11-05,-0.9,-1.9,-8.3,3.90,3.90,0.00,12.2,20.5,2.08,11104.32,95,1017.4
2024-11-06,3.4,1.1,-2.5,0.10,0.10,0.00,19.8,34.9,0.55,0.00,99,1017.8
2024-11-07,4.3,2.1,0.4,0.00,0.00,0.00,17.6,33.1,0.72,0.00,96,1022.8
2024-11-08,5.2,2.9,0.6,0.00,0.00,0.00,18.7,33.8,1.58,752.19,92,1029.9
2024-11-09,6.1,3.2,0.5,0.00,0.00,0.00,26.6,48.6,0.51,0.00,92,1028.0
2024-11-10,1.1,1.4,-4.7,0.00,0.00,0.00,10.8,19.4,1.76,6113.68,94,1032.2
2024-11-11,-1.6,-3.2,-7.7,0.00,0.00,0.00,10.8,19.8,2.14,15086.05,90,1031.6
2024-11-12,1.3,-0.6,-3.4,0.40,0.40,0.00,14.0,24.8,0.33,0.00,98,1028.0
2024-11-13,3.1,-0.0,-1.7,0.80,0.80,0.00,20.9,37.4,0.67,0.00,94,1023.0
2024-11-14,3.5,0.5,-1.7,3.50,3.50,0.00,22.3,40.7,0.17,0.00,94,1008.3
2024-11-15,1.7,0.2,-4.2,0.00,0.00,0.00,19.4,35.3,2.08,16202.09,94,1004.0
2024-11-16,7.1,3.1,0.4,2.90,2.90,0.00,37.4,68.0,0.29,0.00,92,994.0
2024-11-17,5.2,2.8,-0.9,1.40,1.40,0.00,31.0,60.8,0.96,2164.48,82,987.8
2024-11-18,3.1,-1.3,-3.7,3.00,3.00,0.00,28.1,52.6,0.84,2476.17,84,984.8
2024-11-19,1.4,-1.3,-4.1,0.10,0.10,0.00,14.8,26.6,0.63,0.00,93,996.6
2024-11-20,0.6,-3.0,-5.7,11.00,11.00,0.00,26.3,49.3,0.19,0.00,92,991.2
2024-11-21,1.2,-1.2,-4.9,0.50,0.50,0.00,21.2,37.1,1.54,11650.50,86,983.6
2024-11-22,-0.2,-5.1,-6.9,0.50,0.10,0.28,29.5,51.5,0.75,133.71,81,990.0
2024-11-23,-1.2,-5.1,-7.2,0.40,0.00,0.28,24.1,44.3,1.51,13251.91,82,1000.5
2024-11-24,-0.8,-4.4,-7.3,0.70,0.00,0.49,24.5,43.2,2.07,21600.00,88,1014.3
2024-11-25,0.3,-4.5,-8.7,3.10,0.70,1.68,37.4,65.5,0.19,0.00,91,1014.8
2024-11-26,2.5,-0.8,-4.3,4.10,4.10,0.00,29.5,51.5,0.27,0.00,92,1010.8
2024-11-27,3.2,1.3,-0.6,2.50,2.50,0.00,10.8,22.7,0.36,0.00,98,1015.7
2024-11-28,3.2,1.5,-0.3,0.00,0.00,0.00,9.4,18.4,0.70,0.00,96,1018.7
2024-11-29,3.2,0.6,-2.3,0.70,0.70,0.00,20.5,37.1,0.37,0.00,93,1022.4
2024-11-30,2.8,-0.2,-3.2,0.80,0.80,0.00,26.3,47.2,0.29,0.00,91,1023.7
2024-12-01,4.6,0.2,-1.3,0.00,0.00,0.00,27.0,48.6,0.10,0.00,87,1019.5
2024-12-02,2.0,0.1,-5.3,0.00,0.00,0.00,23.4,42.1,0.85,1174.46,88,1014.4
2024-12-03,2.3,-0.4,-5.2,3.10,2.60,0.35,23.4,41.8,0.09,0.00,93,1009.1
2024-12-04,-2.3,-5.5,-8.0,0.30,0.00,0.21,19.4,36.0,1.63,18000.00,84,1027.1
2024-12-05,-5.5,-9.0,-11.6,0.00,0.00,0.00,18.4,33.1,1.16,12343.72,90,1034.9
2024-12-06,-3.4,-7.1,-10.1,0.30,0.00,0.21,18.0,32.0,0.39,0.00,86,1027.9
2024-12-07,-3.2,-6.4,-8.7,0.00,0.00,0.00,14.4,26.6,0.57,0.00,87,1024.6
2024-12-08,-3.0,-6.1,-7.3,0.00,0.00,0.00,7.9,14.8,0.78,3351.02,89,1026.4
2024-12-09,-2.9,-4.8,-8.2,0.00,0.00,0.00,10.4,19.8,0.89,9582.98,91,1032.8
2024-12-10,-0.2,-3.8,-5.8,0.00,0.00,0.00,20.9,37.4,0.33,0.00,91,1026.9
2024-12-11,1.1,-2.5,-6.1,0.00,0.00,0.00,24.1,44.3,1.00,7291.06,87,1014.7
2024-12-12,-2.2,-6.4,-12.1,0.60,0.00,0.42,29.5,54.4,0.49,465.42,75,1013.9
2024-12-13,-4.3,-6.7,-12.9,2.20,0.00,1.54,27.4,50.0,1.21,15589.47,79,1020.6
2024-12-14,-2.3,-4.9,-7.7,13.60,1.80,8.26,19.8,33.1,0.15,0.00,93,1004.2
2024-12-15,-2.9,-4.6,-11.6,9.50,0.00,6.65,22.3,37.8,0.23,0.00,89,991.0
2024-12-16,-3.7,-4.7,-12.4,6.70,1.60,3.57,31.7,57.2,0.18,0.00,86,985.2
2024-12-17,-5.7,-5.5,-15.3,4.60,0.00,3.22,22.7,48.6,0.81,5607.10,84,991.0
2024-12-18,-11.6,-15.4,-17.4,0.00,0.00,0.00,17.6,31.3,1.34,16685.65,85,1010.2
2024-12-19,-4.5,-1.9,-15.9,5.40,0.60,3.36,25.2,43.9,0.10,0.00,93,995.3
2024-12-20,3.0,0.7,-3.2,4.20,4.20,0.00,22.3,43.6,0.30,0.00,96,986.5
2024-12-21,-0.5,-3.4,-9.2,5.70,4.90,0.56,31.0,53.6,0.64,545.27,84,996.5
2024-12-22,1.2,-3.8,-4.6,0.90,0.90,0.00,25.9,45.0,0.27,0.00,92,997.6
2024-12-23,0.3,-3.7,-4.9,1.00,0.60,0.28,24.1,42.8,0.34,0.00,91,1005.6
2024-12-24,-0.5,-2.6,-5.0,2.50,0.10,1.68,10.4,19.4,0.31,0.00,92,1016.7
2024-12-25,1.2,-1.4,-3.6,1.40,1.40,0.00,18.7,32.8,0.16,0.00,96,1023.3
2024-12-26,3.5,1.3,-1.2,0.20,0.20,0.00,16.6,29.5,0.07,0.00,99,1023.8
2024-12-27,1.9,0.9,-2.8,0.00,0.00,0.00,18.0,33.1,0.23,0.00,96,1028.5
2024-12-28,1.2,-0.8,-3.4,0.00,0.00,0.00,12.2,22.0,0.45,0.00,94,1024.9
2024-12-29,2.3,-1.7,-3.0,1.20,1.20,0.00,25.2,45.7,0.06,0.00,97,1012.4
2024-12-30,3.0,-0.6,-7.2,4.50,4.50,0.00,38.5,71.3,0.28,0.00,84,998.2
2024-12-31,-0.9,-5.9,-8.2,0.00,0.00,0.00,30.2,54.7,1.31,13895.03,75,1002.1
2025-01-01,-1.7,-3.7,-8.8,6.80,1.80,3.50,25.6,45.0,0.14,0.00,89,995.1
2025-01-02,-2.4,-2.7,-9.1,3.70,1.10,1.82,21.2,39.6,0.80,2894.51,85,984.1
2025-01-03,-3.8,-6.3,-11.5,3.40,0.00,2.38,18.4,32.8,0.42,409.36,88,992.9
2025-01-04,-5.6,-8.1,-14.6,3.00,0.00,2.10,12.2,24.8,1.00,10351.96,90,997.2
2025-01-05,-5.4,-7.3,-15.4,1.00,0.00,0.70,20.2,35.3,0.94,10624.05,83,1000.7
2025-01-06,-7.9,-9.1,-19.2,0.00,0.00,0.00,18.0,30.6,0.83,3610.34,88,1008.7
2025-01-07,-4.0,-4.9,-10.8,5.30,0.00,3.71,17.6,30.6,0.18,0.00,91,1001.9
2025-01-08,0.2,-3.0,-5.0,9.10,4.20,3.43,25.9,44.3,0.23,0.00,96,994.3
2025-01-09,0.0,-4.0,-5.9,1.90,1.60,0.21,22.0,43.2,0.42,0.00,89,1002.3
2025-01-10,-1.4,-4.4,-6.9,5.90,0.00,4.13,17.6,31.7,0.44,251.69,92,1007.1
2025-01-11,-0.5,-3.9,-7.1,7.40,0.00,5.18,22.7,38.9,0.18,0.00,96,1004.0
2025-01-12,-3.9,-7.3,-12.9,16.80,0.00,11.76,23.8,41.0,0.46,0.00,88,1015.3
2025-01-13,-5.6,-7.1,-16.1,0.00,0.00,0.00,25.2,42.8,0.72,0.00,90,1025.3
2025-01-14,1.0,-1.5,-7.8,1.70,1.50,0.14,27.4,46.4,0.24,0.00,94,1005.9
2025-01-15,-0.0,-1.7,-6.6,0.20,0.20,0.00,18.4,32.4,1.34,8293.95,90,1017.2
2025-01-16,1.7,-1.3,-5.7,0.60,0.60,0.00,28.1,50.0,0.23,0.00,93,1013.9
2025-01-17,2.3,-0.9,-3.5,0.00,0.00,0.00,22.0,40.3,0.80,0.00,96,1016.3
2025-01-18,2.1,-2.3,-6.1,0.00,0.00,0.00,37.4,67.7,1.66,12724.52,83,1009.8
2025-01-19,0.2,-3.3,-6.6,0.00,0.00,0.00,25.2,44.3,2.13,19634.41,88,1014.5
2025-01-20,-1.1,-2.9,-10.3,0.20,0.20,0.00,22.0,41.0,2.29,21538.31,84,1021.9
2025-01-21,-6.3,-10.6,-13.1,0.60,0.00,0.42,20.2,36.4,1.21,2863.38,62,1029.3
2025-01-22,-4.2,-5.1,-12.9,3.10,0.00,2.17,22.7,40.3,0.31,0.00,86,1017.2
2025-01-23,0.0,-3.7,-5.6,0.10,0.10,0.00,19.1,33.5,0.79,0.00,92,1011.9
2025-01-24,0.2,-3.0,-4.7,0.80,0.80,0.00,18.0,32.4,0.38,0.00,95,1010.7
2025-01-25,1.0,-3.3,-5.7,0.70,0.70,0.00,29.5,51.5,0.34,0.00,91,1008.2
2025-01-26,1.9,-0.4,-3.7,1.10,1.10,0.00,21.2,39.2,1.34,6818.54,93,1007.0
2025-01-27,0.7,-1.6,-3.0,6.70,6.70,0.00,11.2,21.2,0.20,0.00,98,1003.6
2025-01-28,1.1,-0.7,-3.8,4.10,4.10,0.00,17.3,31.7,0.12,0.00,98,1006.8
2025-01-29,2.2,-0.4,-1.8,2.30,2.30,0.00,16.2,28.8,0.26,0.00,99,1007.5
2025-01-30,4.3,0.9,-1.2,5.10,5.10,0.00,24.1,44.3,0.30,0.00,94,1007.5
2025-01-31,3.6,0.9,-1.3,1.60,1.60,0.00,23.4,42.1,0.39,0.00,93,1014.2
2025-02-01,0.6,0.6,-6.6,5.20,4.30,0.63,22.3,41.4,0.55,0.00,93,1013.7
2025-02-02,-1.1,-4.2,-7.6,7.20,1.00,4.34,22.3,40.7,0.42,0.00,90,1011.6
2025-02-03,-4.2,-5.5,-12.2,2.00,0.00,1.40,22.0,38.9,1.54,457.65,85,1017.2
2025-02-04,-9.8,-12.5,-16.7,0.10,0.00,0.07,11.5,21.2,3.06,23656.40,81,1026.9
2025-02-05,-9.2,-10.2,-19.5,0.10,0.00,0.07,22.3,38.2,3.21,23525.61,81,1033.8
2025-02-06,-3.3,-5.2,-9.8,3.50,0.00,2.45,20.5,35.6,1.34,0.00,89,1039.4
2025-02-07,-6.4,-4.8,-13.0,0.00,0.00,0.00,6.5,11.9,4.68,28285.45,87,1053.0
2025-02-08,-7.8,-7.2,-15.9,0.00,0.00,0.00,11.2,20.9,2.57,11384.39,88,1052.2
2025-02-09,-7.5,-7.0,-14.3,0.00,0.00,0.00,9.0,16.6,5.07,28800.00,86,1044.9
2025-02-10,-6.1,-6.3,-14.3,0.00,0.00,0.00,7.6,15.5,3.75,18936.34,85,1041.8
2025-02-11,-3.1,-6.5,-8.6,0.00,0.00,0.00,14.0,24.1,2.09,1343.05,88,1042.4
2025-02-12,-4.6,-8.3,-10.8,0.10,0.00,0.07,15.5,28.1,1.83,231.54,88,1032.1
2025-02-13,-5.0,-7.8,-10.2,5.00,0.00,3.50,11.2,21.2,1.51,0.00,90,1021.7
2025-02-14,-6.4,-9.1,-13.1,1.30,0.00,0.91,16.2,28.8,3.19,14839.61,87,1018.1
2025-02-15,-8.9,-10.5,-16.0,0.80,0.00,0.56,10.1,19.1,3.69,22862.79,86,1016.3
2025-02-16,-10.3,-12.3,-19.4,1.00,0.00,0.70,11.5,20.2,4.30,26006.83,86,1016.0
2025-02-17,-11.2,-11.8,-20.2,0.30,0.00,0.21,12.6,22.0,4.21,27720.19,87,1015.3
2025-02-18,-7.5,-10.3,-15.2,2.30,0.00,1.61,20.2,34.6,3.81,20116.58,87,1015.0
2025-02-19,-6.2,-8.8,-12.9,0.70,0.00,0.49,15.8,28.1,4.99,25083.85,88,1022.9
2025-02-20,-9.5,-6.9,-20.8,0.00,0.00,0.00,12.2,19.4,6.44,31984.74,88,1031.6
2025-02-21,-4.0,-7.1,-13.5,0.00,0.00,0.00,22.3,38.2,6.00,30000.68,82,1032.4
2025-02-22,-3.6,-7.2,-9.6,0.00,0.00,0.00,21.2,38.2,3.14,8704.19,76,1030.4
2025-02-23,-2.0,-4.5,-8.6,0.00,0.00,0.00,16.6,28.4,5.10,27421.49,76,1029.8
2025-02-24,-3.0,-3.5,-11.6,0.00,0.00,0.00,13.0,21.6,5.84,21600.00,81,1026.7
2025-02-25,-1.7,-3.6,-9.0,0.00,0.00,0.00,14.8,25.6,5.11,28367.49,76,1021.3
2025-02-26,-0.7,-2.2,-8.0,0.20,0.20,0.00,17.3,30.2,4.82,17662.65,81,1018.0
2025-02-27,0.6,-1.5,-4.5,0.30,0.30,0.00,13.0,23.0,3.44,10704.17,86,1021.3
2025-02-28,-0.2,-1.4,-4.7,1.50,0.00,1.05,8.6,15.1,2.81,3202.03,87,1021.5
2025-03-01,0.6,-0.8,-3.3,0.00,0.00,0.00,9.0,16.2,4.12,14113.53,93,1023.1
2025-03-02,0.2,-2.8,-5.0,0.40,0.30,0.07,22.3,38.5,2.61,419.56,91,1015.1
2025-03-03,1.0,-2.4,-4.4,7.40,7.40,0.00,22.3,38.5,2.15,3041.43,94,1002.9
2025-03-04,1.7,-2.7,-4.9,6.10,6.10,0.00,31.3,55.8,1.83,737.35,89,995.9
2025-03-05,0.9,-1.3,-6.0,3.50,3.30,0.14,24.1,42.5,0.86,0.00,92,996.5
2025-03-06,4.6,1.7,-1.0,1.10,1.10,0.00,29.9,55.1,0.49,0.00,96,995.7
2025-03-07,2.9,1.2,-3.9,0.00,0.00,0.00,24.1,46.4,7.48,32400.00,84,1011.0
2025-03-08,2.5,1.3,-4.4,0.10,0.10,0.00,23.4,43.2,3.15,3185.08,92,1013.5
2025-03-09,2.0,1.0,-4.7,0.00,0.00,0.00,15.5,30.6,9.59,34265.71,79,1015.2
2025-03-10,1.9,1.6,-3.5,0.00,0.00,0.00,14.0,27.4,5.88,22056.06,78,1011.7
2025-03-11,1.1,0.9,-5.2,0.00,0.00,0.00,16.6,31.0,5.91,16790.68,86,998.9
2025-03-12,-1.4,-4.6,-7.3,0.00,0.00,0.00,15.1,27.7,5.96,20839.17,79,1003.4
2025-03-13,-0.4,-2.2,-6.3,4.20,3.90,0.21,14.0,25.6,1.32,0.00,92,998.9
2025-03-14,-1.2,-2.7,-8.8,7.70,1.70,4.20,25.6,47.5,3.82,13055.79,84,993.6
2025-03-15,-1.0,-4.1,-8.6,1.20,0.00,0.84,27.0,46.4,12.41,36853.75,73,1011.9
2025-03-16,-1.0,-4.1,-10.7,2.90,1.70,0.84,28.8,50.0,4.42,14265.13,73,1004.3
2025-03-17,-3.4,-5.5,-12.5,0.80,0.00,0.56,20.2,37.1,12.47,35946.29,74,1013.7
2025-03-18,-0.5,-2.2,-6.2,1.40,0.10,0.91,14.4,24.5,5.28,7024.31,90,1011.4
2025-03-19,2.4,-1.5,-4.4,0.00,0.00,0.00,26.3,47.9,12.02,35611.69,75,1008.8
2025-03-20,1.4,0.4,-5.5,0.00,0.00,0.00,14.4,27.4,8.11,23161.93,86,1017.5
2025-03-21,0.7,-1.7,-6.6,0.10,0.10,0.00,13.7,23.8,4.00,11826.20,86,1024.0
2025-03-22,-1.0,0.2,-9.7,0.00,0.00,0.00,9.0,19.4,14.35,43134.52,66,1037.1
2025-03-23,-0.0,2.0,-9.3,0.00,0.00,0.00,9.4,20.9,13.77,42449.21,67,1034.9
2025-03-24,1.1,1.1,-7.9,6.60,6.60,0.00,22.7,41.0,8.52,26508.26,79,1023.1
2025-03-25,3.5,2.1,-3.1,1.20,1.20,0.00,21.2,38.9,5.21,8232.73,89,1010.3
2025-03-26,3.9,4.3,-0.8,3.60,3.60,0.00,16.2,32.8,4.19,2061.39,92,1009.3
2025-03-27,2.7,3.9,-4.4,0.00,0.00,0.00,10.4,20.5,15.11,41769.55,76,1014.2
2025-03-28,4.3,4.1,-3.4,0.00,0.00,0.00,18.7,46.8,9.13,23054.12,78,1014.1
2025-03-29,8.0,9.0,1.7,0.00,0.00,0.00,18.4,38.2,12.52,36000.00,81,1016.7
2025-03-30,7.4,10.3,-2.1,0.00,0.00,0.00,17.3,39.6,14.59,39600.00,75,1012.2
2025-03-31,7.2,9.5,-0.4,0.00,0.00,0.00,10.8,30.6,11.11,35235.69,74,1018.1
2025-04-01,7.1,10.2,-2.0,0.00,0.00,0.00,16.6,33.1,15.26,43200.00,76,1023.6
2025-04-02,6.7,10.4,-2.6,0.00,0.00,0.00,19.8,39.6,15.69,43200.00,74,1023.3
2025-04-03,7.9,10.2,-1.3,0.00,0.00,0.00,19.4,34.2,13.68,38462.05,71,1019.4
2025-04-04,5.0,3.4,-2.5,0.00,0.00,0.00,27.7,53.6,12.48,30545.63,66,1007.1
2025-04-05,-0.4,-2.3,-7.5,2.30,1.80,0.35,22.3,42.8,13.08,35392.22,66,1012.7
2025-04-06,-1.2,-2.7,-8.7,0.00,0.00,0.00,13.0,27.7,15.64,44196.73,61,1019.3
2025-04-07,-0.0,-0.7,-8.5,0.00,0.00,0.00,17.6,33.1,12.99,37972.39,67,1017.3
2025-04-08,0.2,-3.4,-7.3,0.20,0.00,0.14,23.0,45.4,18.12,45023.32,57,1020.9
2025-04-09,-1.0,-3.0,-7.6,3.40,2.80,0.42,25.9,48.6,2.49,2047.14,82,1004.0
2025-04-10,-1.5,-4.3,-8.5,0.80,0.00,0.56,22.3,40.3,12.62,34546.06,71,1006.6
2025-04-11,-1.6,-4.0,-9.4,3.30,0.60,1.89,26.6,48.6,4.98,7397.78,79,999.1
2025-04-12,-2.3,-3.3,-10.8,1.50,0.00,1.05,26.6,49.3,4.50,11063.24,83,1006.8
2025-04-13,3.4,6.2,-6.1,0.00,0.00,0.00,16.6,29.9,18.91,44238.93,81,1011.8
2025-04-14,6.7,9.2,-3.8,0.40,0.40,0.00,24.1,43.9,12.80,29395.57,85,1011.3
2025-04-15,10.4,12.6,2.2,0.60,0.60,0.00,15.1,32.4,18.59,43094.43,82,1016.5
2025-04-16,9.7,15.7,-1.8,0.00,0.00,0.00,16.2,32.0,16.69,48768.93,75,1023.1
2025-04-17,8.7,8.5,5.8,0.10,0.10,0.00,9.7,24.1,1.19,0.00,92,1018.6
2025-04-18,11.7,17.9,6.0,0.00,0.00,0.00,7.6,18.0,14.28,34745.17,89,1014.4
2025-04-19,15.2,24.1,5.7,2.50,2.50,0.00,16.9,51.1,15.97,35168.84,81,1008.5
2025-04-20,8.0,11.1,2.3,9.70,9.70,0.00,14.0,27.7,1.62,109.26,97,1009.1
2025-04-21,6.5,7.3,1.0,5.60,5.60,0.00,14.4,27.4,2.76,0.00,97,1010.2
2025-04-22,7.0,8.8,0.5,0.00,0.00,0.00,14.0,28.1,8.39,8020.37,86,1017.6
2025-04-23,7.0,5.6,3.3,3.60,3.60,0.00,16.2,31.3,5.35,3600.00,89,1013.9
2025-04-24,5.3,4.1,-1.0,1.10,1.10,0.00,17.3,34.9,9.62,23701.76,80,1016.1
2025-04-25,1.7,0.2,-3.8,2.40,2.40,0.00,15.5,33.5,8.49,19558.28,81,1014.8
2025-04-26,1.9,-0.6,-4.7,2.90,2.90,0.00,21.2,41.4,13.26,34339.82,78,1018.0
2025-04-27,2.1,1.8,-6.0,0.00,0.00,0.00,14.4,32.8,23.51,50400.00,56,1026.6
2025-04-28,4.2,4.0,-3.2,2.30,2.30,0.00,20.5,38.2,5.64,9321.60,82,1019.0
2025-04-29,6.1,3.4,-0.5,9.60,9.60,0.00,22.0,39.6,1.06,0.00,93,1004.9
2025-04-30,3.5,3.4,-4.4,0.00,0.00,0.00,16.6,31.7,13.96,32733.06,66,1014.8
2025-05-01,3.7,6.0,-5.3,0.00,0.00,0.00,11.5,26.6,25.45,52489.61,56,1018.9
2025-05-02,7.2,8.9,-2.8,0.00,0.00,0.00,22.7,40.3,20.39,47860.49,65,1014.6
2025-05-03,9.6,7.5,3.2,3.40,3.40,0.00,23.0,45.0,16.47,34045.02,71,996.6
2025-05-04,7.4,7.3,0.4,0.20,0.20,0.00,15.5,33.1,17.86,47723.84,66,999.2
2025-05-05,3.7,1.6,-3.6,0.40,0.40,0.00,20.5,38.9,16.03,35120.72,65,1003.8
2025-05-06,4.7,5.4,-2.6,4.30,4.30,0.00,16.6,40.7,7.34,337.49,79,1007.8
2025-05-07,2.3,1.2,-2.7,5.50,5.50,0.00,21.6,41.0,3.29,0.00,94,1011.4
2025-05-08,2.5,2.3,-4.5,4.80,4.80,0.00,19.8,36.4,3.18,0.00,84,1013.4
2025-05-09,5.5,5.9,-3.2,0.00,0.00,0.00,19.1,39.2,25.31,54394.45,67,1014.8
2025-05-10,5.1,4.5,-2.8,0.00,0.00,0.00,18.4,37.4,21.16,56012.82,64,1018.7
2025-05-11,3.7,4.0,-3.8,0.20,0.20,0.00,20.5,40.0,9.43,21926.76,75,1016.8
2025-05-12,7.5,10.0,-2.0,0.00,0.00,0.00,15.5,33.1,26.04,57115.24,69,1015.6
2025-05-13,8.6,10.7,-0.4,0.10,0.10,0.00,12.2,38.2,18.11,43463.55,67,1013.2
2025-05-14,6.7,7.5,-0.8,1.90,1.90,0.00,17.3,39.2,6.06,4199.16,86,1003.0
2025-05-15,9.7,11.5,3.5,0.00,0.00,0.00,19.1,35.3,16.44,38000.90,82,1005.2
2025-05-16,11.5,14.0,3.3,2.20,2.20,0.00,19.8,51.5,14.64,32672.19,79,1011.9
2025-05-17,10.8,13.0,2.9,1.60,1.60,0.00,13.0,25.2,22.65,56251.29,71,1015.7
2025-05-18,12.5,15.1,5.7,0.00,0.00,0.00,19.1,35.3,8.88,7839.90,77,1012.0
2025-05-19,12.6,13.4,4.7,0.00,0.00,0.00,19.8,41.4,26.19,49576.98,62,1009.4
2025-05-20,12.7,15.9,2.5,0.00,0.00,0.00,23.0,43.9,25.33,54000.00,61,1001.2
2025-05-21,10.7,11.4,2.9,0.30,0.30,0.00,14.8,34.6,27.55,57600.00,57,1003.9
2025-05-22,11.6,15.1,4.1,0.30,0.30,0.00,18.4,36.4,9.98,12639.88,73,1008.2
2025-05-23,15.3,20.1,8.5,3.30,3.30,0.00,20.5,42.8,16.62,34752.85,83,1010.2
2025-05-24,12.0,17.3,7.4,5.50,5.50,0.00,18.4,46.4,7.82,11199.77,89,1015.8
2025-05-25,12.3,13.9,8.5,3.50,3.50,0.00,16.2,47.5,5.73,8732.86,90,1014.9
2025-05-26,11.1,14.0,5.9,13.00,13.00,0.00,18.7,35.3,1.05,0.00,96,1013.5
2025-05-27,15.5,17.3,11.2,2.90,2.90,0.00,17.3,33.1,17.70,33071.91,81,1013.5
2025-05-28,14.2,15.5,12.1,1.20,1.20,0.00,9.4,19.1,5.62,467.95,92,1015.1
2025-05-29,17.4,20.2,14.6,2.50,2.50,0.00,17.6,37.1,10.82,16407.85,84,1010.2
2025-05-30,16.3,20.4,13.3,2.70,2.70,0.00,11.9,31.0,7.82,6160.97,87,1008.0
2025-05-31,14.3,15.1,7.9,4.60,4.60,0.00,16.6,41.4,13.94,26542.98,81,1007.0
2025-06-01,12.4,12.7,5.1,0.00,0.00,0.00,20.9,43.9,27.52,59754.62,63,1012.1
2025-06-02,13.3,16.5,3.8,2.70,2.70,0.00,17.3,36.4,17.61,36591.87,75,1010.4
2025-06-03,14.3,16.3,9.3,1.40,1.40,0.00,21.6,48.6,21.72,49543.95,81,1008.8
2025-06-04,14.2,18.3,6.2,0.00,0.00,0.00,13.3,29.9,28.92,60189.41,72,1012.9
2025-06-05,15.0,18.5,5.8,4.30,4.30,0.00,18.0,35.6,11.78,25138.60,82,1010.7
2025-06-06,16.2,20.5,12.0,0.20,0.20,0.00,10.8,23.0,13.54,16632.05,79,1008.1
2025-06-07,16.3,18.2,11.9,3.20,3.20,0.00,19.4,39.2,17.32,32053.32,77,1007.4
2025-06-08,15.3,16.9,12.5,4.50,4.50,0.00,15.8,31.3,8.38,18044.41,85,1005.9
2025-06-09,12.0,14.5,8.7,26.90,26.90,0.00,15.1,30.2,2.97,0.00,95,1002.1
2025-06-10,13.1,15.2,8.6,5.80,5.80,0.00,18.0,38.2,14.99,27339.84,86,1008.5
2025-06-11,12.9,15.5,7.6,5.10,5.10,0.00,13.0,27.4,14.98,29183.07,83,1013.7
2025-06-12,14.0,17.7,8.1,0.60,0.60,0.00,15.5,37.4,18.95,41076.73,82,1014.0
2025-06-13,14.4,15.0,10.5,0.80,0.80,0.00,22.7,45.0,12.78,19703.18,83,1020.3
2025-06-14,15.6,18.1,8.8,0.00,0.00,0.00,20.2,38.9,29.33,61175.06,67,1022.3
2025-06-15,17.7,23.1,8.7,0.00,0.00,0.00,18.0,37.8,28.68,60945.39,62,1015.5
2025-06-16,18.5,22.4,13.4,0.00,0.00,0.00,11.9,22.3,14.59,20251.78,71,1010.3
2025-06-17,15.5,18.2,14.9,1.90,1.90,0.00,8.3,15.8,3.12,0.00,90,1006.7
2025-06-18,15.5,16.8,12.3,1.50,1.50,0.00,13.3,29.2,11.70,15769.45,82,1004.4
2025-06-19,12.8,13.6,9.6,3.50,3.50,0.00,18.7,34.9,2.42,0.00,93,999.0
2025-06-20,12.6,12.1,5.9,3.10,3.10,0.00,28.4,52.2,19.92,40258.17,74,1006.9
2025-06-21,12.8,16.2,7.4,8.60,8.60,0.00,18.4,40.0,10.41,18720.13,79,1011.4
2025-06-22,12.3,12.7,7.4,11.30,11.30,0.00,22.3,43.9,15.11,32447.99,82,1010.1
2025-06-23,13.6,16.9,4.3,0.00,0.00,0.00,14.0,29.5,26.03,52867.25,68,1011.3
2025-06-24,13.5,12.8,9.9,8.80,8.80,0.00,23.4,47.9,5.34,13860.28,85,995.4
2025-06-25,12.6,12.3,9.4,11.00,11.00,0.00,20.5,41.4,3.38,7207.74,92,988.7
2025-06-26,12.8,12.1,9.2,1.80,1.80,0.00,19.1,36.4,8.72,4108.10,85,1001.9
2025-06-27,15.0,18.6,7.2,0.00,0.00,0.00,9.7,21.6,24.12,48858.86,73,1008.9
2025-06-28,13.9,14.5,12.1,5.30,5.30,0.00,11.2,22.0,2.88,0.00,91,1005.6
2025-06-29,13.4,14.8,7.5,18.40,18.40,0.00,31.3,58.3,4.65,2779.91,92,996.6
2025-06-30,13.2,13.7,8.7,8.90,8.90,0.00,26.6,53.3,5.94,8374.19,89,997.5
2025-07-01,14.8,14.6,10.8,0.10,0.10,0.00,24.1,45.0,8.83,1877.73,80,1007.1
2025-07-02,17.3,22.0,11.1,0.00,0.00,0.00,13.0,27.7,24.20,56606.36,76,1011.9
2025-07-03,21.5,27.4,16.7,0.00,0.00,0.00,18.0,32.4,25.28,59006.74,75,1009.2
2025-07-04,15.8,18.9,8.5,6.90,6.90,0.00,31.7,62.3,19.17,32706.42,64,1006.6
2025-07-05,13.8,17.1,7.8,3.10,3.10,0.00,17.6,37.1,16.73,30880.58,73,1011.4
2025-07-06,13.9,16.4,11.1,8.10,8.10,0.00,16.9,34.6,2.10,0.00,95,1005.9
2025-07-07,18.1,22.7,13.9,0.00,0.00,0.00,15.5,31.7,18.21,38493.54,84,1004.8
2025-07-08,17.5,20.1,12.7,3.10,3.10,0.00,29.9,55.1,6.73,10034.37,88,999.4
2025-07-09,15.5,19.5,10.0,3.90,3.90,0.00,16.9,32.0,14.76,30158.86,79,1011.0
2025-07-10,13.5,12.4,10.7,6.40,6.40,0.00,21.2,40.7,1.74,0.00,95,1013.1
2025-07-11,19.6,30.0,11.2,0.00,0.00,0.00,20.5,38.2,22.51,40266.88,87,1013.6
2025-07-12,24.7,34.3,21.9,0.00,0.00,0.00,11.2,24.8,24.45,46038.34,81,1015.5
2025-07-13,23.5,32.2,20.2,11.00,11.00,0.00,28.1,53.6,26.35,56446.33,79,1017.7
2025-07-14,23.0,31.2,19.7,11.80,11.80,0.00,13.7,48.2,21.63,53061.59,82,1015.0
2025-07-15,22.2,27.4,19.3,2.40,2.40,0.00,15.5,34.9,20.83,48906.93,81,1010.4
2025-07-16,21.7,26.9,16.1,0.00,0.00,0.00,14.0,27.0,27.59,57600.00,67,1008.2
2025-07-17,21.1,27.9,14.5,0.00,0.00,0.00,18.0,36.4,26.79,56721.80,63,1011.1
2025-07-18,20.1,24.2,12.1,0.00,0.00,0.00,13.3,30.2,27.60,57600.00,56,1016.5
2025-07-19,20.1,25.9,11.8,0.00,0.00,0.00,10.1,24.5,26.44,57600.00,63,1014.8
2025-07-20,20.6,25.4,13.1,0.00,0.00,0.00,14.4,32.0,18.32,48868.33,64,1010.9
2025-07-21,20.4,25.3,17.4,1.60,1.60,0.00,14.4,29.2,12.03,19429.42,82,1009.2
2025-07-22,21.4,25.3,17.8,0.00,0.00,0.00,15.1,32.8,21.57,47644.12,74,1008.2
2025-07-23,22.5,28.1,18.4,0.00,0.00,0.00,12.6,28.1,23.37,53933.95,69,1007.4
2025-07-24,23.2,29.5,15.7,0.00,0.00,0.00,7.6,22.3,26.25,57278.91,57,1009.3
2025-07-25,23.7,30.9,16.4,0.00,0.00,0.00,9.0,20.9,24.98,56870.46,56,1011.1
2025-07-26,23.5,29.5,17.4,0.00,0.00,0.00,10.8,25.6,23.54,56934.92,64,1011.0
2025-07-27,22.5,28.3,16.2,0.00,0.00,0.00,14.8,32.8,24.42,56916.06,69,1011.4
2025-07-28,23.0,28.0,18.7,0.00,0.00,0.00,16.2,33.5,18.81,51471.48,73,1011.3
2025-07-29,23.3,26.3,21.3,0.00,0.00,0.00,17.6,36.0,11.88,18723.18,64,1011.3
2025-07-30,24.6,31.5,17.7,0.00,0.00,0.00,13.0,30.2,23.93,52798.69,62,1012.8
2025-07-31,23.5,30.8,19.1,0.20,0.20,0.00,26.6,58.0,19.50,45538.70,69,1010.7
2025-08-01,20.8,28.5,16.4,10.00,10.00,0.00,23.4,48.2,17.37,37451.05,78,1007.7
2025-08-02,19.1,23.6,17.1,8.60,8.60,0.00,16.2,35.3,13.12,27817.52,85,1010.6
2025-08-03,19.8,26.3,13.0,0.00,0.00,0.00,8.6,20.5,22.18,54471.91,78,1018.5
2025-08-04,21.3,27.3,15.8,0.00,0.00,0.00,10.4,26.3,22.83,50206.92,74,1017.1
2025-08-05,20.1,25.7,16.6,0.10,0.10,0.00,18.0,35.6,15.39,43253.57,78,1010.2
2025-08-06,17.7,19.3,16.3,1.10,1.10,0.00,15.5,30.2,6.99,9580.26,85,1009.3
2025-08-07,15.5,19.0,12.0,4.30,4.30,0.00,17.3,36.7,13.85,32884.84,87,1013.0
2025-08-08,15.7,19.2,10.3,0.00,0.00,0.00,11.5,24.5,14.64,38482.75,83,1016.3
2025-08-09,16.7,19.5,12.0,0.00,0.00,0.00,14.4,30.6,16.96,46661.23,76,1017.1
2025-08-10,16.8,21.4,11.3,0.70,0.70,0.00,11.2,23.4,11.12,27208.76,83,1014.6
2025-08-11,17.4,19.0,14.0,0.00,0.00,0.00,20.5,41.4,12.05,26645.27,77,1012.0
2025-08-12,17.1,20.2,11.5,6.70,6.70,0.00,15.1,38.5,17.29,36000.00,74,1014.4
2025-08-13,16.0,18.3,10.5,0.00,0.00,0.00,16.6,33.8,21.19,50447.18,77,1018.3
2025-08-14,17.5,20.2,10.6,0.00,0.00,0.00,18.0,37.1,21.82,50400.00,67,1023.0
2025-08-15,18.2,23.0,8.8,0.00,0.00,0.00,14.0,28.8,18.84,46835.40,68,1021.4
2025-08-16,16.1,16.1,9.9,6.50,6.50,0.00,20.2,42.5,12.09,28800.00,76,1004.9
2025-08-17,13.2,15.8,7.7,0.10,0.10,0.00,10.1,24.1,13.18,33665.74,78,1003.9
2025-08-18,14.5,16.9,10.0,0.20,0.20,0.00,16.2,31.3,5.36,6228.42,88,1009.4
2025-08-19,15.4,18.4,9.0,0.80,0.80,0.00,17.3,36.4,10.48,18374.57,82,1006.0
2025-08-20,13.9,14.2,9.0,0.20,0.20,0.00,16.2,34.9,16.71,46988.58,67,1003.7
2025-08-21,11.0,14.5,3.6,5.00,5.00,0.00,13.3,37.8,15.03,34971.13,75,1007.3
2025-08-22,11.4,14.3,4.7,2.40,2.40,0.00,20.2,38.9,11.81,25383.62,84,1006.0
2025-08-23,11.3,13.3,7.2,3.00,3.00,0.00,12.6,30.2,7.54,13326.10,93,1001.5
2025-08-24,10.7,12.9,6.3,0.00,0.00,0.00,11.9,25.2,10.49,22567.45,90,1001.0
2025-08-25,9.9,11.9,6.1,3.40,3.40,0.00,14.0,31.7,7.48,8906.65,93,999.3
2025-08-26,11.1,12.3,8.5,3.20,3.20,0.00,11.9,23.0,4.97,377.27,94,1002.1
2025-08-27,11.4,13.5,6.3,7.50,7.50,0.00,18.7,34.6,7.90,12953.04,90,1007.9
2025-08-28,12.5,13.8,8.2,6.10,6.10,0.00,18.0,35.3,11.55,31363.76,86,1013.0
2025-08-29,11.8,13.6,6.2,9.40,9.40,0.00,15.1,28.4,4.13,5154.05,93,1012.0
2025-08-30,16.4,22.5,13.3,12.60,12.60,0.00,16.9,30.6,7.16,10800.00,94,1005.3
2025-08-31,15.9,17.4,15.3,0.60,0.60,0.00,10.1,20.9,4.29,0.00,91,1010.4
2025-09-01,14.6,16.0,11.0,4.00,4.00,0.00,12.6,23.8,3.69,2143.25,95,1013.4
2025-09-02,13.0,17.5,5.3,0.00,0.00,0.00,9.0,20.2,17.61,44086.46,79,1017.8
2025-09-03,13.7,18.3,4.9,0.00,0.00,0.00,15.1,31.7,17.02,44149.77,77,1017.9
2025-09-04,15.3,17.1,12.2,2.70,2.70,0.00,11.5,23.0,3.64,769.73,84,1018.4
2025-09-05,17.0,20.3,16.0,0.10,0.10,0.00,8.6,16.9,6.57,7718.29,91,1020.7
2025-09-06,18.9,23.6,17.4,0.00,0.00,0.00,11.9,25.2,10.68,25491.00,82,1024.2
2025-09-07,17.8,22.2,12.4,0.00,0.00,0.00,11.9,26.3,16.07,43200.00,76,1027.4
2025-09-08,16.0,21.9,8.3,0.00,0.00,0.00,9.0,22.0,16.02,43200.00,77,1027.9
2025-09-09,15.9,21.9,8.4,0.00,0.00,0.00,9.7,22.7,14.03,42616.18,79,1027.3
2025-09-10,17.5,22.4,12.5,0.00,0.00,0.00,10.8,24.5,13.13,34858.31,76,1028.4
2025-09-11,16.8,18.8,10.4,0.00,0.00,0.00,18.4,36.0,15.52,43200.00,66,1026.8
2025-09-12,16.4,16.9,9.1,0.00,0.00,0.00,22.0,43.2,14.17,43019.99,56,1025.1
2025-09-13,15.3,15.8,11.2,0.00,0.00,0.00,20.9,38.9,6.04,14708.70,71,1025.9
2025-09-14,15.3,18.4,9.8,0.00,0.00,0.00,22.3,41.8,10.16,21600.00,73,1024.3
2025-09-15,15.1,14.4,8.6,1.90,1.90,0.00,25.6,48.2,8.56,24743.64,62,1015.8
2025-09-16,13.6,13.1,10.9,1.80,1.80,0.00,21.6,41.4,3.51,4240.86,89,1009.7
2025-09-17,14.3,14.3,10.2,0.10,0.10,0.00,21.6,40.7,6.89,14746.16,83,1006.8
2025-09-18,12.8,13.7,8.5,0.50,0.50,0.00,16.6,32.4,7.95,23099.40,83,1009.9
2025-09-19,12.6,13.4,9.0,8.20,8.20,0.00,14.0,28.4,4.38,14231.10,90,1006.4
2025-09-20,12.7,14.5,9.0,2.60,2.60,0.00,25.2,45.0,1.23,0.00,96,1010.7
2025-09-21,16.3,19.4,14.1,0.30,0.30,0.00,17.3,30.6,3.94,8836.25,92,1006.6
2025-09-22,16.1,17.7,8.2,0.00,0.00,0.00,32.8,59.0,2.88,1074.04,75,1003.2
2025-09-23,10.1,8.5,4.3,6.20,6.20,0.00,23.4,48.6,6.96,22999.70,81,1009.1
2025-09-24,7.0,4.1,1.7,0.40,0.40,0.00,22.3,42.5,7.19,23540.79,72,1018.7
2025-09-25,7.6,8.3,-0.3,0.00,0.00,0.00,14.0,28.8,11.75,35932.80,76,1027.7
2025-09-26,9.3,11.6,3.1,0.00,0.00,0.00,14.4,29.5,6.78,25053.76,88,1030.4
2025-09-27,10.1,11.4,5.5,0.00,0.00,0.00,16.6,33.1,7.10,22916.09,86,1029.9
2025-09-28,8.6,8.3,0.8,0.00,0.00,0.00,13.7,29.2,11.03,36000.00,73,1035.0
2025-09-29,4.3,6.2,-2.9,0.00,0.00,0.00,10.4,24.1,11.29,37642.32,71,1038.9
2025-09-30,3.4,6.3,-4.3,0.00,0.00,0.00,7.2,19.4,10.93,37135.80,73,1039.3
2025-10-01,3.6,7.0,-4.1,0.00,0.00,0.00,7.6,18.0,10.88,36909.71,73,1038.9
2025-10-02,4.3,6.4,-2.4,0.00,0.00,0.00,11.2,24.5,9.91,36000.00,78,1034.9
2025-10-03,3.5,7.2,-3.4,0.00,0.00,0.00,7.6,15.8,9.59,36000.00,85,1030.6
2025-10-04,3.7,5.0,-2.6,0.00,0.00,0.00,17.3,31.0,4.11,7200.00,90,1021.9
2025-10-05,7.5,7.8,0.5,0.20,0.20,0.00,15.5,29.2,4.01,9747.70,83,1007.0
2025-10-06,9.3,10.7,5.5,0.00,0.00,0.00,9.7,20.2,5.48,15152.33,86,1012.2
2025-10-07,10.1,12.8,5.8,0.00,0.00,0.00,8.3,15.1,5.62,17720.82,85,1022.0
2025-10-08,9.0,11.0,2.8,0.00,0.00,0.00,16.6,32.0,8.71,31846.81,83,1021.0
2025-10-09,7.8,10.3,-0.3,0.00,0.00,0.00,17.3,33.5,8.85,35951.05,83,1015.2
2025-10-10,8.1,8.4,4.1,1.30,1.30,0.00,13.3,23.4,0.57,0.00,95,1008.4
2025-10-11,7.7,6.6,2.8,5.30,5.30,0.00,22.0,47.5,1.95,2371.98,90,1005.3
2025-10-12,6.6,5.8,1.2,5.50,5.50,0.00,20.5,43.6,3.63,6840.86,86,1003.2
2025-10-13,4.4,3.4,-0.8,3.60,3.60,0.00,18.4,33.5,1.74,0.00,94,1007.0
2025-10-14,4.7,1.8,-0.7,3.20,3.20,0.00,18.0,32.4,1.54,0.00,93,1011.9
2025-10-15,5.3,4.1,0.9,2.10,2.10,0.00,17.3,32.8,2.93,1691.67,90,1012.0
2025-10-16,7.2,6.1,1.9,2.80,2.80,0.00,20.2,37.8,1.10,0.00,94,1006.9
2025-10-17,3.3,4.3,-2.6,0.00,0.00,0.00,9.4,19.8,5.42,23574.95,85,1011.6
2025-10-18,1.5,3.1,-3.6,0.00,0.00,0.00,5.0,11.5,5.99,25426.03,91,1019.7
2025-10-19,0.4,1.9,-6.7,0.00,0.00,0.00,10.4,20.2,6.97,32400.00,88,1020.9
2025-10-20,2.4,2.9,-4.0,0.00,0.00,0.00,12.6,23.8,3.81,14872.56,91,1017.7
2025-10-21,3.2,3.5,-2.6,0.00,0.00,0.00,12.6,23.8,4.64,20946.31,92,1017.2
2025-10-22,2.4,0.9,-4.3,0.00,0.00,0.00,19.8,37.4,5.36,26370.36,88,1016.0
2025-10-23,4.1,1.8,-2.8,0.20,0.20,0.00,20.2,36.4,3.01,14040.47,84,1009.4
2025-10-24,5.1,4.5,0.4,0.70,0.70,0.00,15.8,28.8,0.44,0.00,97,1003.0
2025-10-25,9.3,9.5,4.9,0.40,0.40,0.00,19.4,34.6,2.28,9439.59,95,998.6
2025-10-26,8.5,7.2,1.6,6.20,6.20,0.00,26.6,47.2,0.26,0.00,90,992.5
2025-10-27,7.0,4.3,2.1,4.40,4.40,0.00,23.4,43.9,1.65,1949.47,90,993.3
2025-10-28,5.3,3.8,0.1,0.70,0.70,0.00,19.8,40.0,1.02,0.00,92,994.8
2025-10-29,4.9,3.1,1.2,0.70,0.70,0.00,11.9,22.3,1.21,0.00,95,999.5
2025-10-30,5.9,3.5,2.1,0.30,0.30,0.00,15.8,28.1,1.36,0.00,92,1007.5
2025-10-31,5.3,3.0,1.0,3.60,3.60,0.00,18.4,34.6,0.60,0.00,93,1006.6
2025-11-01,5.4,4.8,2.1,0.50,0.50,0.00,8.6,16.2,0.39,0.00,96,1017.5
2025-11-02,5.2,3.0,-0.1,0.20,0.20,0.00,20.2,36.0,1.37,0.00,95,1017.3
2025-11-03,6.8,5.7,2.9,9.40,9.40,0.00,18.7,34.6,0.20,0.00,97,1011.1
2025-11-04,7.2,5.8,2.2,4.50,4.50,0.00,19.4,34.2,2.59,9248.11,91,1014.8
2025-11-05,9.2,7.7,2.1,2.10,2.10,0.00,24.1,43.9,0.20,0.00,95,1015.5
2025-11-06,9.7,7.8,6.1,0.10,0.10,0.00,21.2,38.9,0.30,0.00,93,1013.1
2025-11-07,10.0,8.9,7.6,3.90,3.90,0.00,13.7,24.5,0.24,0.00,98,1013.7
2025-11-08,7.8,7.7,4.3,1.50,1.50,0.00,13.3,24.1,0.30,0.00,96,1015.6
2025-11-09,6.0,4.2,1.5,0.30,0.30,0.00,15.8,29.2,0.48,0.00,93,1012.7
2025-11-10,4.3,4.4,-0.2,2.60,2.60,0.00,13.0,27.4,0.15,0.00,95,1012.6
2025-11-11,3.6,3.4,-0.4,1.50,1.50,0.00,6.8,13.3,1.13,2845.77,98,1014.6
2025-11-12,4.4,2.3,-1.4,0.40,0.40,0.00,18.0,32.8,1.10,2522.21,94,1016.1
2025-11-13,4.7,2.2,-2.1,11.10,11.10,0.00,28.4,50.0,0.11,0.00,94,1002.9
2025-11-14,3.0,2.6,-3.3,7.90,7.90,0.00,27.0,50.4,2.65,21978.72,86,998.3
2025-11-15,0.2,-2.7,-6.4,1.60,1.50,0.07,24.5,44.3,2.49,18386.86,80,1005.9
2025-11-16,0.9,-4.7,-6.2,0.80,0.80,0.00,29.5,52.9,1.09,1183.89,83,1004.8
2025-11-17,-1.0,-3.7,-7.0,0.00,0.00,0.00,24.1,41.4,1.27,966.28,86,1000.1
2025-11-18,-1.9,-4.3,-7.2,5.20,0.00,3.64,16.2,30.2,0.46,0.00,91,997.7
2025-11-19,-1.9,-4.6,-8.3,2.00,0.00,1.40,15.5,28.1,0.75,0.00,92,1008.3
2025-11-20,-0.1,-3.0,-6.3,1.80,0.30,1.05,18.7,32.8,0.89,0.00,93,1012.3
2025-11-21,-0.5,-3.2,-6.6,1.00,0.20,0.56,16.9,29.5,0.58,0.00,90,1011.2
2025-11-22,-0.5,-2.6,-8.1,0.20,0.20,0.00,15.8,28.1,0.70,0.00,91,1014.7
2025-11-23,-0.8,-3.4,-8.9,0.10,0.00,0.07,22.3,39.2,0.66,0.00,93,1016.6
2025-11-24,-1.0,-3.8,-5.4,3.30,0.00,2.31,18.0,31.0,0.84,0.00,93,1006.1
2025-11-25,-1.0,-5.1,-6.8,0.40,0.00,0.28,21.2,36.7,1.04,1505.88,88,1008.6
2025-11-26,-1.7,-3.7,-6.8,0.00,0.00,0.00,8.6,18.7,0.93,2079.36,93,1018.5
2025-11-27,-3.0,-5.1,-8.1,0.30,0.00,0.21,10.8,19.1,0.96,533.02,94,1015.9
2025-11-28,-1.0,-4.7,-7.9,2.20,0.40,1.26,26.6,46.4,0.33,0.00,90,1011.4
2025-11-29,0.6,-3.4,-6.0,2.50,1.90,0.42,24.8,42.5,0.14,0.00,95,1011.6
2025-11-30,0.6,-2.8,-5.5,0.00,0.00,0.00,21.6,39.2,0.45,0.00,96,1016.5
2025-12-01,1.6,-1.7,-3.9,0.50,0.50,0.00,20.2,35.6,0.10,0.00,99,1015.4
2025-12-02,1.8,-1.6,-4.0,0.00,0.00,0.00,17.3,30.2,0.39,0.00,97,1020.3
2025-12-03,0.6,-3.0,-4.5,0.00,0.00,0.00,18.4,32.8,0.44,0.00,94,1024.2
2025-12-04,0.2,-2.6,-3.8,0.40,0.40,0.00,11.5,21.2,0.19,0.00,97,1022.4
2025-12-05,1.8,0.1,-2.3,0.40,0.40,0.00,8.3,14.8,0.34,0.00,99,1022.9
2025-12-06,2.4,-0.5,-1.0,1.50,1.50,0.00,13.3,23.4,0.13,0.00,99,1023.2
2025-12-07,0.9,-1.1,-4.2,2.60,2.60,0.00,11.9,21.6,0.15,0.00,94,1020.7
2025-12-08,-0.1,-4.2,-4.8,2.60,0.00,1.82,18.4,32.0,0.11,0.00,89,1017.5
2025-12-09,1.7,-1.4,-4.8,3.80,3.80,0.00,24.5,43.6,0.10,0.00,97,1006.1
2025-12-10,2.9,0.6,-2.0,1.80,1.80,0.00,23.8,41.4,0.29,0.00,94,1006.3
2025-12-11,5.2,2.2,-1.7,2.10,2.10,0.00,26.3,47.5,0.09,0.00,90,1000.5
2025-12-12,-1.6,-2.1,-10.6,1.10,0.80,0.21,23.4,43.2,1.41,18670.00,81,1013.3
2025-12-13,-6.1,-9.2,-11.9,0.00,0.00,0.00,16.9,30.6,1.23,17108.51,89,1026.1
2025-12-14,-6.9,-10.5,-12.6,0.00,0.00,0.00,18.7,33.1,0.88,6931.48,92,1019.5
2025-12-15,-2.8,-4.4,-10.6,4.20,0.00,2.94,16.6,29.9,0.34,0.00,92,1009.7
2025-12-16,3.1,0.8,-3.6,3.20,3.20,0.00,17.6,31.7,0.04,0.00,99,1011.8
2025-12-17,2.9,1.1,-3.4,0.40,0.40,0.00,22.7,41.0,0.13,0.00,98,1014.8
2025-12-18,2.9,-0.5,-3.0,0.80,0.80,0.00,24.5,44.6,0.62,169.26,90,1015.2
2025-12-19,2.2,-1.5,-2.8,0.00,0.00,0.00,20.9,37.8,0.12,0.00,94,1018.2
2025-12-20,2.6,-1.2,-2.2,3.40,3.40,0.00,21.6,38.2,0.06,0.00,97,1010.5
2025-12-21,3.8,1.7,-3.6,2.40,2.40,0.00,22.7,41.8,0.10,0.00,94,1006.1
2025-12-22,-2.1,-3.5,-11.9,1.70,0.80,0.63,22.0,38.9,0.66,1647.76,79,1019.3
2025-12-23,-5.2,-7.7,-11.4,0.30,0.00,0.21,19.1,34.6,0.64,1723.51,88,1031.1
2025-12-24,-1.7,-4.2,-10.1,1.30,0.00,0.91,20.2,37.8,0.17,0.00,88,1028.0
2025-12-25,1.6,-1.4,-6.2,3.80,3.80,0.00,35.6,64.4,0.15,0.00,94,1017.2
2025-12-26,1.2,-1.6,-5.3,0.10,0.10,0.00,24.1,46.4,0.37,0.00,86,1013.7
2025-12-27,0.9,-2.7,-5.3,3.80,3.80,0.00,26.3,47.5,0.06,0.00,93,1001.6
2025-12-28,-0.9,-4.8,-9.1,5.00,2.10,2.03,28.1,50.4,0.14,0.00,87,997.6
2025-12-29,-4.0,-5.1,-11.3,4.20,0.00,2.94,17.6,32.0,0.18,0.00,90,992.1
2025-12-30,-5.3,-8.3,-13.7,2.60,0.00,1.82,23.4,40.7,0.59,113.84,90,993.7
2025-12-31,-6.8,-10.5,-16.1,2.30,0.00,1.61,25.6,44.6,0.82,4643.63,83,999.3
2026-01-01,-10.1,-12.5,-17.6,0.10,0.00,0.07,18.0,30.6,1.12,11889.29,85,998.5
2026-01-02,-9.4,-14.9,-17.6,0.40,0.00,0.28,23.8,42.1,0.93,6088.53,76,992.4
2026-01-03,-7.2,-8.5,-14.9,3.50,0.00,2.45,17.3,32.0,0.23,0.00,87,992.0
2026-01-04,-3.4,-6.0,-8.4,2.50,0.00,1.75,11.2,19.8,0.37,0.00,93,996.7
2026-01-05,-9.9,-7.4,-20.0,1.60,0.00,1.12,16.6,29.2,1.59,19610.42,85,1010.9
2026-01-06,-14.2,-14.2,-24.0,0.00,0.00,0.00,13.3,22.0,1.38,19253.86,86,1023.2
2026-01-07,-8.9,-11.8,-16.7,4.40,0.00,3.08,16.2,28.4,0.76,191.42,87,1017.0
2026-01-08,-11.2,-13.8,-18.2,0.00,0.00,0.00,16.6,28.8,1.59,17884.14,88,1019.4
2026-01-09,-11.9,-16.9,-19.8,0.00,0.00,0.00,29.2,49.3,1.22,13798.45,84,1019.0
2026-01-10,-10.1,-16.6,-17.5,4.10,0.00,2.87,33.1,55.8,0.53,0.00,81,1006.9
2026-01-11,-10.2,-14.7,-16.7,1.50,0.00,1.05,16.9,29.5,1.21,9596.04,85,1009.9
2026-01-12,-10.7,-14.4,-19.0,0.80,0.00,0.56,19.1,33.1,1.58,17716.93,88,1017.5
2026-01-13,-10.9,-13.8,-18.9,0.00,0.00,0.00,10.4,17.6,1.18,6905.91,89,1021.8
2026-01-14,-11.2,-12.7,-17.5,0.00,0.00,0.00,5.4,10.1,1.58,14977.82,90,1025.1
2026-01-15,-8.8,-12.2,-17.8,0.00,0.00,0.00,18.4,30.6,1.74,18616.85,85,1024.8
2026-01-16,-9.8,-14.2,-18.0,0.00,0.00,0.00,18.4,31.7,1.28,6709.93,76,1033.1
2026-01-17,-11.2,-14.4,-19.5,0.00,0.00,0.00,22.0,37.8,1.90,20165.62,70,1037.2
2026-01-18,-6.5,-10.0,-13.7,0.00,0.00,0.00,15.5,31.3,0.64,0.00,84,1037.7
2026-01-19,-4.9,-7.6,-10.2,1.50,0.00,1.05,10.8,19.8,0.54,0.00,89,1034.3
2026-01-20,-3.6,-5.8,-8.4,2.90,0.00,2.03,9.4,16.6,0.31,0.00,92,1027.3
2026-01-21,-4.5,-6.9,-10.3,0.00,0.00,0.00,11.2,20.9,1.67,11893.03,94,1024.7
2026-01-22,-11.6,-10.9,-19.8,0.00,0.00,0.00,10.4,17.3,2.65,21600.00,90,1027.4
2026-01-23,-13.3,-12.9,-19.9,0.00,0.00,0.00,7.2,12.2,1.85,16229.61,88,1026.4
2026-01-24,-14.7,-15.0,-21.4,0.00,0.00,0.00,4.0,7.2,2.57,21781.52,87,1027.1
2026-01-25,-15.1,-16.7,-22.2,0.00,0.00,0.00,15.5,25.9,2.87,22412.93,83,1024.7
2026-01-26,-14.5,-17.9,-22.4,2.20,0.00,1.54,20.5,34.6,1.79,13844.08,82,1014.0
2026-01-27,-13.1,-14.2,-21.2,0.00,0.00,0.00,9.0,14.4,2.83,22064.03,89,1013.7
2026-01-28,-13.2,-14.0,-21.7,0.00,0.00,0.00,12.6,21.2,2.64,19541.96,89,1015.4
2026-01-29,-17.2,-18.9,-24.8,0.00,0.00,0.00,11.9,18.7,3.55,25170.19,89,1020.2
2026-01-30,-15.7,-16.0,-23.0,0.00,0.00,0.00,8.6,13.7,2.99,25200.00,87,1025.7
2026-01-31,-18.3,-20.7,-27.3,0.00,0.00,0.00,11.5,18.7,3.75,25200.00,86,1031.9
2026-02-01,-21.0,-21.1,-29.7,0.10,0.00,0.07,23.4,39.6,3.87,25284.33,79,1032.9
2026-02-02,-11.0,-15.6,-20.2,4.30,0.00,3.01,28.1,47.9,1.56,5335.84,86,1019.9
2026-02-03,-13.1,-16.8,-20.3,1.00,0.00,0.70,20.2,35.3,3.90,25538.79,86,1022.5
2026-02-04,-16.1,-16.0,-23.3,0.00,0.00,0.00,9.4,18.0,3.38,24872.93,85,1026.7
2026-02-05,-17.5,-17.9,-25.3,0.00,0.00,0.00,9.4,16.6,4.46,27065.57,82,1024.2
2026-02-06,-17.9,-17.4,-27.0,0.50,0.00,0.35,8.6,15.5,2.19,5849.85,83,1016.6
2026-02-07,-15.0,-16.3,-22.8,0.00,0.00,0.00,11.9,20.2,4.43,25730.95,85,1016.0
2026-02-08,-9.8,-12.4,-17.2,0.00,0.00,0.00,14.8,25.6,2.94,19879.45,88,1022.2
2026-02-09,-10.4,-13.9,-18.1,0.50,0.00,0.35,19.4,36.4,2.71,12712.28,85,1015.5
2026-02-10,-7.6,-10.5,-13.7,1.30,0.00,0.91,13.3,22.7,2.86,15002.64,87,1007.1
2026-02-11,-10.0,-11.5,-16.9,0.10,0.00,0.07,9.4,17.3,3.80,25641.22,84,998.1
2026-02-12,-10.8,-13.0,-19.7,0.30,0.00,0.21,11.5,20.5,4.39,26306.66,85,995.0
2026-02-13,-14.4,-17.7,-22.1,0.00,0.00,0.00,19.4,33.1,4.55,27574.99,85,1001.9
2026-02-14,-15.5,-19.1,-25.8,0.20,0.00,0.14,21.6,36.7,6.12,29128.48,78,1007.0
2026-02-15,-18.9,-17.8,-28.3,0.00,0.00,0.00,11.9,20.2,6.28,29339.63,80,1016.4
2026-02-16,-12.9,-11.7,-21.3,0.00,0.00,0.00,8.3,13.0,4.22,21495.10,86,1013.9
2026-02-17,-10.9,-11.1,-22.0,0.00,0.00,0.00,10.1,19.1,4.84,26699.93,86,1016.8
2026-02-18,-15.2,-13.6,-23.8,0.00,0.00,0.00,12.6,21.2,6.83,31242.36,84,1019.7
2026-02-19,-14.2,-14.8,-23.8,0.70,0.00,0.49,14.8,24.8,3.66,17694.87,86,1011.6
2026-02-20,-10.3,-15.2,-16.5,2.10,0.00,1.47,22.0,39.2,3.17,9014.98,85,1010.4
2026-02-21,-6.0,-6.2,-15.6,0.00,0.00,0.00,19.8,35.6,6.30,30900.96,79,1012.7
2026-02-22,-4.3,-7.7,-11.5,6.20,0.00,4.34,28.8,50.4,1.27,0.00,84,1000.2
2026-02-23,-6.7,-7.1,-17.3,0.00,0.00,0.00,25.9,47.9,7.37,32400.00,86,1008.6
2026-02-24,-9.6,-9.8,-18.9,0.00,0.00,0.00,15.5,25.9,5.43,27324.96,86,1015.4
2026-02-25,-11.9,-10.6,-20.5,0.00,0.00,0.00,10.4,17.6,8.35,33083.19,84,1025.4
2026-02-26,-7.8,-10.3,-18.6,11.60,0.00,8.12,37.8,63.4,1.36,0.00,83,1025.7
2026-02-27,-0.5,-3.5,-9.9,4.40,0.80,2.52,29.5,50.0,0.71,0.00,94,1013.4
2026-02-28,1.8,-1.1,-3.0,0.70,0.70,0.00,18.0,32.4,1.34,0.00,99,1014.2
2026-03-01,1.1,-1.2,-2.6,0.30,0.30,0.00,14.8,28.4,0.77,0.00,99,1015.0
2026-03-02,1.0,-1.8,-4.7,1.40,1.40,0.00,18.4,32.4,1.20,0.00,95,1011.2
2026-03-03,0.1,-2.6,-5.4,2.30,1.20,0.77,22.7,39.6,3.80,8425.67,88,1019.6
2026-03-04,1.8,-1.6,-5.4,1.70,1.70,0.00,23.8,42.1,7.87,29472.14,87,1006.4
2026-03-05,0.2,-3.2,-6.9,1.00,1.00,0.00,21.6,38.2,4.42,14299.45,87,1011.5
2026-03-06,-1.0,0.3,-9.3,0.00,0.00,0.00,14.0,23.8,8.39,35367.38,86,1020.8
2026-03-07,2.1,0.4,-4.3,0.00,0.00,0.00,20.9,37.4,10.09,32746.74,83,1022.5
2026-03-08,2.1,1.0,-5.2,0.00,0.00,0.00,21.2,38.2,9.12,35137.88,79,1027.2
2026-03-09,1.7,0.1,-4.2,3.00,3.00,0.00,21.6,41.8,3.78,7784.85,93,1021.2
2026-03-10,2.4,1.7,-2.8,0.00,0.00,0.00,18.4,36.7,8.68,28467.46,90,1016.3
2026-03-11,2.3,1.9,-3.0,0.00,0.00,0.00,17.3,29.9,5.04,13625.88,96,1012.6
2026-03-12,5.2,5.4,-1.2,0.90,0.90,0.00,17.6,32.0,5.01,11061.98,96,1013.4
2026-03-13,5.3,5.7,-1.6,0.00,0.00,0.00,18.4,33.8,11.12,36742.28,85,1015.9
2026-03-14,7.1,6.5,-0.7,0.00,0.00,0.00,23.0,41.8,11.26,37479.15,78,1013.8
2026-03-15,5.5,4.0,-3.3,0.00,0.00,0.00,27.0,48.6,11.76,37990.25,73,1016.0
2026-03-16,3.5,4.8,-2.3,1.30,1.30,0.00,19.8,34.9,2.16,927.11,82,1016.4
2026-03-17,4.9,6.7,-4.1,0.00,0.00,0.00,17.6,33.5,12.24,39075.31,73,1023.0
2026-03-18,2.8,2.5,-2.9,0.00,0.00,0.00,13.0,24.8,6.55,24081.53,87,1030.0
2026-03-19,1.9,1.8,-5.0,0.50,0.50,0.00,18.0,33.8,4.96,13084.40,90,1020.9
2026-03-20,2.7,4.4,-3.1,0.00,0.00,0.00,11.2,23.0,10.05,27728.02,89,1017.1
2026-03-21,3.5,4.6,-4.5,0.00,0.00,0.00,15.8,31.3,13.15,41755.75,74,1021.9
2026-03-22,4.9,6.0,-3.3,0.00,0.00,0.00,18.4,34.9,12.32,40834.57,73,1020.9
2026-03-23,5.1,4.8,-3.2,0.00,0.00,0.00,20.2,39.2,12.97,42355.30,69,1015.3
2026-03-24,5.0,5.1,-2.4,0.00,0.00,0.00,15.5,32.8,13.96,43200.00,66,1010.3
2026-03-25,6.2,6.0,-1.9,0.00,0.00,0.00,23.4,42.5,5.18,6433.84,79,1000.3
2026-03-26,7.4,5.5,0.2,1.40,1.40,0.00,21.2,38.9,6.74,19444.20,74,1002.4
2026-03-27,6.3,6.3,-1.6,0.70,0.70,0.00,14.0,29.2,14.87,41566.84,80,1012.9
2026-03-28,4.5,8.2,-4.2,0.00,0.00,0.00,8.3,21.2,15.16,43200.00,80,1018.3
2026-03-29,5.0,9.5,-3.6,0.00,0.00,0.00,10.4,23.4,14.96,40055.50,74,1018.0
2026-03-30,5.9,8.6,-0.4,0.00,0.00,0.00,13.3,24.1,13.77,36000.00,79,1014.5
2026-03-31,6.5,9.1,1.3,0.20,0.20,0.00,15.1,26.6,7.69,19119.96,84,1012.9
2026-04-01,4.8,6.2,-3.5,0.20,0.20,0.00,15.5,28.1,14.53,38399.96,81,1019.6
2026-04-02,3.9,7.3,-5.2,0.00,0.00,0.00,9.7,23.0,16.48,41310.47,74,1014.7
2026-04-03,2.5,2.1,-3.4,1.10,1.10,0.00,10.8,19.8,2.44,0.00,94,1007.3
2026-04-04,3.6,4.7,-1.9,0.90,0.90,0.00,9.0,27.7,4.55,5182.92,92,1004.2
2026-04-05,3.2,3.5,-2.8,0.30,0.30,0.00,11.2,23.0,9.16,24546.40,87,1003.2
2026-04-06,4.0,3.0,-2.3,1.50,1.50,0.00,18.7,36.4,7.25,11566.40,88,998.0
2026-04-07,2.5,0.5,-3.1,3.20,3.20,0.00,24.8,45.0,2.54,0.00,92,1005.2
2026-04-08,0.9,-3.3,-7.8,0.00,0.00,0.00,30.2,56.9,15.49,41175.13,63,1021.7
2026-04-09,1.2,-0.7,-8.8,0.00,0.00,0.00,25.9,46.1,18.64,46209.45,50,1027.9
2026-04-10,2.9,1.8,-6.3,0.00,0.00,0.00,23.8,46.1,19.32,46239.54,46,1025.0
2026-04-11,4.4,6.3,-5.3,0.00,0.00,0.00,14.8,31.3,19.22,49248.53,50,1024.4
2026-04-12,5.5,7.5,-3.2,0.00,0.00,0.00,10.8,20.9,14.12,42997.26,64,1027.2
2026-04-13,6.4,8.5,0.4,2.20,2.20,0.00,9.7,17.3,10.08,27154.95,82,1031.0
2026-04-14,6.3,9.2,-2.4,0.00,0.00,0.00,13.0,25.2,14.19,40583.75,74,1032.5
2026-04-15,7.2,8.0,1.8,0.60,0.60,0.00,11.5,24.1,7.26,13241.39,75,1026.1
2026-04-16,10.1,14.9,3.2,0.00,0.00,0.00,10.1,20.5,12.05,19951.91,73,1018.6
2026-04-17,8.7,8.5,2.5,0.80,0.80,0.00,22.7,43.6,12.81,28072.87,66,1016.9
2026-04-18,5.3,3.7,-2.6,0.00,0.00,0.00,20.2,40.7,18.06,47994.99,61,1022.1
2026-04-19,4.1,2.7,-4.0,0.00,0.00,0.00,20.9,42.8,20.74,49248.62,51,1024.5
2026-04-20,4.1,2.3,-4.4,0.00,0.00,0.00,24.5,49.0,21.91,50400.00,49,1023.8
2026-04-21,6.6,9.5,-4.2,0.00,0.00,0.00,13.3,28.8,21.39,50400.00,53,1019.4
2026-04-22,7.3,7.3,-2.1,0.70,0.70,0.00,34.9,69.8,13.22,39359.77,64,1005.3
2026-04-23,2.5,-0.8,-5.2,0.00,0.00,0.00,32.0,58.3,12.83,34987.18,60,1005.2
2026-04-24,3.9,4.1,-3.2,0.80,0.80,0.00,22.0,44.3,12.73,26618.89,68,1003.5
2026-04-25,3.2,1.4,-3.8,4.30,4.30,0.00,22.7,41.4,4.28,6180.53,82,996.4
